year,artists,name,energy,danceability,speechiness,tempo
1921,['Dennis Day'],Clancy Lowered the Boom,0.341,0.8190000000000001,0.415,60.93600000000001
1921,"['Sergei Rachmaninoff', 'James Levine', 'Berliner Philharmoniker']","Piano Concerto No. 3 in D Minor, Op. 30: III. Finale. Alla breve",0.21100000000000002,0.27899999999999997,0.0366,80.954
1921,['Dennis Day'],How Can You Buy Killarny,0.27399999999999997,0.24100000000000002,0.0297,90.773
1921,['Phil Regan'],When Irish Eyes Are Smiling,0.193,0.418,0.038,101.665
1921,['John McCormack'],The Wearing of the Green,0.203,0.518,0.0615,66.221
1921,['Sergei Rachmaninoff'],"Morceaux de fantaisie, Op. 3: No. 2, Prélude in C-Sharp Minor. Lento",0.08800000000000001,0.389,0.0456,92.867
1921,['Ignacio Corsini'],La Mañanita - Remasterizado,0.13,0.485,0.0483,64.678
1921,['Fortugé'],Il Etait Syndiqué,0.257,0.684,0.39899999999999997,109.37799999999999
1921,['Maurice Chevalier'],Dans La Vie Faut Pas S'en Faire,0.26,0.46299999999999997,0.0557,85.146
1921,['Ignacio Corsini'],Por Que Me Dejaste - Remasterizado,0.115,0.37799999999999995,0.0414,70.37
1921,['Georgel'],La Vipère,0.363,0.315,0.0546,174.532
1921,['Mehmet Kemiksiz'],Ud Taksimi,0.42,0.415,0.114,70.758
1921,['Zay Gatsby'],Power Is Power,0.691,0.527,0.0326,159.935
1921,"['Sergei Rachmaninoff', 'Ruth Laredo']","10 Préludes, Op. 23: No. 5 in G Minor. Alla marcia",0.171,0.384,0.0319,107.698
1921,['Phil Regan'],Come Back To Erin,0.212,0.259,0.0358,85.726
1921,"['Hector Berlioz', 'Arturo Toscanini']",Rákóczy March,0.28300000000000003,0.541,0.0477,108.986
1921,['THE GUY'],When We Die,0.418,0.604,0.0417,80.07300000000002
1921,['Christopher Lynch'],A Ballynure Ballad,0.0848,0.54,0.075,100.296
1921,['Fortugé'],Je Suis Toujours La,0.113,0.67,0.196,87.162
1921,"['John McCormack', 'Edwin Schneider']",Mother Machree,0.155,0.4,0.0873,170.25099999999995
1921,['Ignacio Corsini'],Flor Marchita - Remasterizado,0.0995,0.648,0.105,71.97800000000002
1921,['Hanende İbrahim Efendi'],İmtidadı Aşkıma,0.245,0.223,0.0387,142.136
1921,['Mehmet Kemiksiz'],Ney Taksimi,0.14300000000000002,0.26899999999999996,0.0413,141.386
1921,['Sergei Rachmaninoff'],"Morceaux de fantaisie, Op. 3: No. 2, Prélude in C-Sharp Minor. Lento",0.08800000000000001,0.389,0.0456,92.867
1921,['Maurice Chevalier'],Je M'donne,0.27399999999999997,0.5,0.040999999999999995,79.218
1921,['Mehmet Kemiksiz'],Korkma Sönmez,0.698,0.685,0.0421,133.951
1921,['Fortugé'],La Victoire De La Madelon,0.231,0.665,0.155,129.671
1921,['Ignacio Corsini'],Por Ella - Remasterizado,0.177,0.28600000000000003,0.0431,167.352
1921,['Ignacio Corsini'],A Mi Palomita - Remasterizado,0.179,0.332,0.0443,75.704
1921,['Ignacio Corsini'],Amurado Me Dejaste - Remasterizado,0.215,0.484,0.106,76.277
1921,['Mehmet Kemiksiz'],Eşin Var âşiyâ Var,0.5589999999999999,0.45299999999999996,0.0329,156.077
1921,['Mehmet Kemiksiz'],Bir Zamanlar Bizde Millet,0.44299999999999995,0.65,0.0334,130.009
1921,"['Ermanno Wolf-Ferrari', 'Arturo Toscanini']",Overture,0.284,0.465,0.0591,98.336
1921,"['Sergei Rachmaninoff', 'Ruth Laredo']","6 Songs, Op. 38: No. 3, Daisies (Version for Piano)",0.0876,0.248,0.0566,82.025
1921,['Maurice Chevalier'],Je N'peux Pas Vivre Sans Amour,0.29,0.522,0.0522,92.70700000000001
1921,"['Sergei Rachmaninoff', 'James Levine', 'Berliner Philharmoniker']","Piano Concerto No. 3 in D Minor, Op. 30: III. Finale. Alla breve",0.21100000000000002,0.27899999999999997,0.0366,80.954
1921,['THE GUY'],Love for Guns,0.42200000000000004,0.5770000000000001,0.0575,79.997
1921,['Christopher Lynch'],Just A Little Bit Of Heaven,0.131,0.344,0.0616,178.21200000000005
1921,['Mehmet Kemiksiz'],Ey Bülbül-i Ter Zebân-i İrf,0.537,0.6890000000000001,0.0282,107.84
1921,['Mehmet Kemiksiz'],Doksan Senelik Ömre İlâhi,0.39799999999999996,0.474,0.0309,75.931
1921,['Dennis Day'],Galway Bay,0.251,0.278,0.0371,69.90100000000001
1921,"['Wolfgang Amadeus Mozart', 'Arturo Toscanini']","Symphony No. 39 in E-Flat Major, K. 543: III. Menuetto",0.0742,0.371,0.0362,138.376
1921,['Mehmet Kemiksiz'],Kasr-ı Gülşen,0.5760000000000001,0.516,0.0303,123.853
1921,['Ignacio Corsini'],Un Lamento - Remasterizado,0.158,0.396,0.0734,134.614
1921,"['Sergei Rachmaninoff', 'Yuri Temirkanov', 'St. Petersburg Philharmonic Orchestra']","No. 14, Vocalise",0.0257,0.0663,0.0472,74.282
1921,['Mehmet Kemiksiz'],Yâ Râb Bu Uğursuz Gecenin Yok mu Sabahı -,0.5,0.508,0.0345,127.969
1921,"['Felix Mendelssohn', 'Arturo Toscanini']","A Midsummer Night's Dream, Op. 61: Scherzo",0.233,0.301,0.0449,86.27
1921,['Ignacio Corsini'],Mis Harapos - Remasterizado,0.11900000000000001,0.655,0.127,106.51100000000001
1921,['Christopher Lynch'],The Rose Of Tralee,0.185,0.213,0.0372,165.137
1921,"['Sergei Rachmaninoff', 'Zubin Mehta', 'Vladimir Feltsman', 'Israel Philharmonic Orchestra']","Rhapsody on a Theme of Paganini, Op. 43: Var. XVIII, Andante cantabile",0.109,0.24100000000000002,0.0377,79.97399999999998
1921,['Morton Downey'],Where The River Shannon Flows,0.12,0.363,0.0452,82.315
1921,['Louis Boucot'],Une Canne Et Des Gants,0.32899999999999996,0.823,0.14300000000000002,119.061
1921,['Ignacio Corsini'],Lamento - Remasterizado,0.23199999999999998,0.293,0.0679,87.417
1921,['Ignacio Corsini'],Al Pie de la Reja - Remasterizado,0.147,0.33399999999999996,0.0486,135.111
1921,['Mehmet Kemiksiz'],Şu Boğaz Harbi Nedir,0.515,0.55,0.0336,123.98299999999999
1921,['Thomas Hallsten Paine'],April Showers,0.175,0.312,0.0347,117.609
1921,"['Ildebrando Pizzetti', 'Arturo Toscanini']",II. Le quai du porte de Famagouste,0.275,0.251,0.0371,94.264
1921,['Alice Cocéa'],Si J'avais Su,0.256,0.514,0.0871,79.467
1921,"['Sergei Rachmaninoff', 'Ruth Laredo']","12 Songs, Op. 21: No. 5, Lilacs (Version for Piano)",0.0536,0.263,0.0386,129.365
1921,['André Urban'],Elle Porte Un Nom Charmant,0.226,0.426,0.0693,73.63
1921,"['Gaetano Donizetti', 'Arturo Toscanini']",Overture,0.139,0.341,0.0643,68.031
1921,['Mehmet Kemiksiz'],Bakma Kabristanın Saha-i Medhûşuna,0.377,0.19899999999999998,0.0421,180.18099999999998
1921,['Christopher Lynch'],The Minstrel Boy,0.0904,0.418,0.0408,52.008
1921,['Mistinguett'],Une Femme Qui Passe,0.297,0.611,0.0661,122.476
1921,['Morton Downey'],My Wild Irish Rose,0.0926,0.423,0.0437,105.365
1921,['Darüttalim-i Musiki Heyeti'],Şehnaz Longa,0.525,0.38,0.0432,136.156
1921,['Hanende İbrahim Efendi'],Ne İçin Mahzun,0.287,0.264,0.0356,74.301
1921,['Maurice Chevalier'],Pour Bien Reussir Dans La Chaussure,0.271,0.517,0.0551,90.39
1921,"['Sergei Rachmaninoff', 'Michael Tilson Thomas', 'Barry Douglas', 'London Symphony Orchestra']",III. Allegro scherzando,0.0916,0.2,0.0376,65.211
1921,['Ignacio Corsini'],Recordando - Remasterizado,0.105,0.382,0.0408,91.581
1921,['Marcelly'],La Chanson Des Yeux Clos,0.281,0.314,0.0648,78.811
1921,"['Sergei Rachmaninoff', 'Ruth Laredo']","6 Songs, Op. 38: No. 3, Daisies (Version for Piano)",0.0876,0.248,0.0566,82.025
1921,['John McCormack'],Kathleen Mavourneen,0.156,0.39299999999999996,0.0458,136.295
1921,"['Ludwig van Beethoven', 'Arturo Toscanini']",IV. Allegro,0.273,0.305,0.0386,82.801
1921,"['Sergei Rachmaninoff', 'Ruth Laredo']","10 Préludes, Op. 23: No. 5 in G Minor. Alla marcia",0.171,0.384,0.0319,107.698
1921,['THE GUY'],Tigers,0.256,0.341,0.0461,121.051
1921,"['Ludwig van Beethoven', 'Arturo Toscanini']",IV. Finale. Adagio - Allegro molto e vivace,0.259,0.544,0.0437,78.29
1921,['Georgius'],Un Agent Courait,0.40299999999999997,0.502,0.466,67.883
1921,['Ignacio Corsini'],Tortolita y Chingolo - Remasterizado,0.154,0.46399999999999997,0.192,85.405
1921,['Frank Parker'],Danny Boy,0.309,0.275,0.0354,100.109
1921,['Ignacio Corsini'],Santos Vega - Remasterizado,0.124,0.496,0.0505,82.85799999999998
1921,"['Sergei Rachmaninoff', 'Yuri Temirkanov', 'St. Petersburg Philharmonic Orchestra']",III. Adagio,0.0521,0.16,0.0398,86.736
1921,['Ignacio Corsini'],Pobre Mi China - Remasterizado,0.231,0.366,0.28300000000000003,63.24100000000001
1921,['Morton Downey'],That's How You Spell Ireland,0.11699999999999999,0.38,0.0415,86.493
1921,['Mehmet Kemiksiz'],Şühedâ Gövdesi Bir Baksana Dağlar Taşlar,0.385,0.40299999999999997,0.0315,123.839
1921,['Morton Downey'],It's the Same Old Shillelegh,0.33299999999999996,0.8290000000000001,0.10300000000000001,132.606
1921,['Ignacio Corsini'],China Hereje - Remasterizado,0.0322,0.5920000000000001,0.209,69.958
1921,['THE GUY'],Don't Run,0.544,0.708,0.0316,120.0
1921,['Robert Jysor'],Dolorosa,0.231,0.42100000000000004,0.0528,82.76899999999998
1921,['Safiye Ayla'],Perestij,0.315,0.36200000000000004,0.0646,91.551
1921,['Mistinguett'],Oui Non,0.275,0.546,0.309,80.57
1921,"['Sergei Rachmaninoff', 'Ruth Laredo']","12 Songs, Op. 21: No. 5, Lilacs (Version for Piano)",0.0536,0.263,0.0386,129.365
1921,['Christopher Lynch'],I Met Her In The Garden Where The Praties Grow,0.138,0.607,0.157,113.28200000000001
1921,['THE GUY'],I Don't Need You,0.32899999999999996,0.605,0.0354,79.934
1921,['Dennis Day'],St. Patrick's Day Parade,0.489,0.6609999999999999,0.10300000000000001,125.023
1921,['Ignacio Corsini'],Popular Tradición de Esta Tierra - Remasterizado,0.192,0.3670000000000001,0.29600000000000004,83.11
1921,['Maurice Chevalier'],Avec Le Sourire,0.247,0.526,0.0483,83.837
1921,"['Sergei Rachmaninoff', 'János Starker']",III. Andante,0.0135,0.158,0.038,67.377
1921,['Fred Gouin'],Colombinella,0.16,0.509,0.0572,109.296
1921,['Ignacio Corsini'],El Ultimo Adiós - Remasterizado,0.345,0.348,0.0654,65.854
1922,['Uli'],Carve,0.445,0.645,0.451,104.851
1922,['Ignacio Corsini'],Vivo para Quererte - Remasterizado,0.177,0.434,0.0512,130.418
1922,['Ignacio Corsini'],El Prisionero - Remasterizado,0.0946,0.321,0.0504,169.98
1922,['Francis Marty'],La Butte Rouge,0.355,0.51,0.124,85.75399999999998
1922,['Mistinguett'],La Java,0.184,0.563,0.0512,133.088
1922,['Greg Fieler'],Old Fashioned Girl,0.475,0.488,0.0399,139.952
1922,['Ignacio Corsini'],Martín Fierro - Remasterizado,0.0391,0.5479999999999999,0.153,75.595
1922,['Uli'],Lazy Boi,0.46,0.298,0.45299999999999996,87.921
1922,['Lucien Boyer'],Tu Verras Montmartre,0.28,0.703,0.174,127.531
1922,['Félix Mayol'],Elle Prend L'boulevard Magenta,0.289,0.7090000000000001,0.18,107.515
1922,['Victor Boucher'],Ca C'est Une Chose,0.33399999999999996,0.35200000000000004,0.0594,76.403
1922,['Ignacio Corsini'],El Vendaval - Remasterizado,0.3720000000000001,0.37,0.0865,159.66899999999995
1922,['Jeanne Saint Bonnet'],Ta Bouche,0.304,0.335,0.0506,76.57600000000002
1922,['Luis Carlos Molina Acevedo'],Belladone. Polka pour cor,0.18100000000000002,0.335,0.0277,136.281
1922,['Ignacio Corsini'],La Maleva - Remasterizado,0.0958,0.33899999999999997,0.053,86.279
1922,['Adolphe Bérard'],J'ai Vendu Mon Âme,0.152,0.5820000000000001,0.0914,95.779
1922,['Louis Lynel'],Nuits De Chine,0.28800000000000003,0.42,0.0701,139.575
1922,['Ignacio Corsini'],En la Huella del Querer - Remasterizado,0.17600000000000002,0.373,0.0703,106.595
1922,['Perchicot'],C'est La Mode Et Voila Tout,0.408,0.5920000000000001,0.271,81.126
1922,['Perchicot'],La Ronde De Nuit,0.31,0.55,0.168,125.829
1922,['Ignacio Corsini'],El Patotero Sentimental - Remasterizado,0.0283,0.48200000000000004,0.0732,77.642
1922,['Ignacio Corsini'],Tus Suspiros - Remasterizado,0.318,0.273,0.0694,74.542
1922,['Ignacio Corsini'],Ojos Funestos - Remasterizado,0.244,0.373,0.0538,115.51
1922,['Ignacio Corsini'],El Huerfano - Remasterizado,0.11900000000000001,0.462,0.0793,122.895
1922,['Maurice Chevalier'],Pas Pour Moi,0.375,0.532,0.298,80.37899999999998
1922,['Ignacio Corsini'],La Canción del Cabaret - Remasterizado,0.17800000000000002,0.45799999999999996,0.0614,69.128
1922,['Dréan'],Éléonore,0.262,0.52,0.132,69.125
1922,['Mistinguett'],En Douce,0.18,0.4270000000000001,0.067,78.459
1922,['Victor Boucher'],Machinalement,0.193,0.457,0.0655,177.097
1922,['Jim Chapman'],Chicago (That Toddlin' Town),0.439,0.491,0.105,180.653
1922,['Ignacio Corsini'],Mi Guitarra - Remasterizado,0.124,0.23600000000000002,0.0515,71.524
1922,['Ignacio Corsini'],Practicante - Remasterizado,0.168,0.43,0.0622,58.863
1922,['Ignacio Corsini'],Toda Alma - Remasterizado,0.268,0.545,0.191,126.61399999999999
1922,['Adolphe Bérard'],L'amour Au Clair De Lune,0.32799999999999996,0.467,0.0354,87.132
1922,['Ignacio Corsini'],No Me Olvides - Remasterizado,0.0558,0.484,0.0575,99.555
1922,['Ignacio Corsini'],Como una Flor - Remasterizado,0.39399999999999996,0.218,0.0388,82.287
1922,['Uli'],Sketch,0.00399,0.634,0.0377,79.895
1922,['Ignacio Corsini'],Sin Amor - Remasterizado,0.424,0.5429999999999999,0.26899999999999996,68.567
1922,['Ignacio Corsini'],Flor Marchita - Remasterizado,0.0954,0.36,0.064,76.3
1922,['Ignacio Corsini'],Entrerriana - Remasterizado,0.2,0.431,0.0322,108.65
1922,['Ignacio Corsini'],Pobre Cotorro - Remasterizado,0.053,0.564,0.127,140.216
1922,['Adolphe Bérard'],Mirage,0.218,0.4970000000000001,0.0345,88.412
1922,['Ignacio Corsini'],Un Placer - Remasterizado,0.142,0.527,0.0612,126.70200000000001
1922,['Georgius'],Le Tango Neurasthénique,0.433,0.564,0.35600000000000004,72.003
1922,['Ignacio Corsini'],Pobre Madrecita - Remasterizado,0.147,0.53,0.0663,69.45100000000001
1922,['Ignacio Corsini'],Primera Ilusión - Remasterizado,0.20199999999999999,0.38799999999999996,0.0517,181.105
1922,['Félix Mayol'],Elle Vendait Des P'tits Gateaux,0.301,0.716,0.105,129.153
1922,['Ignacio Corsini'],Cap Polonio - Remasterizado,0.161,0.541,0.094,143.105
1922,['Fortugé'],Mes Parents Sont Venus Me Chercher,0.204,0.5539999999999999,0.0598,97.337
1922,['Ignacio Corsini'],De Mil Amores - Remasterizado,0.177,0.442,0.0571,128.395
1922,['Ignacio Corsini'],Cachonguita - Remasterizado,0.0522,0.45,0.0583,72.40100000000002
1922,['Uli'],L'enfer,0.325,0.657,0.254,81.944
1922,['Ignacio Corsini'],Metejón - Remasterizado,0.0763,0.493,0.0612,75.313
1922,['Ignacio Corsini'],Remembranza - Remasterizado,0.0468,0.53,0.0853,129.602
1922,['Uli'],Graphite,0.684,0.644,0.19899999999999998,100.031
1922,['Georgius'],Méfiez Vous D'anatole,0.35,0.625,0.312,81.567
1922,['Ignacio Corsini'],Ensueño de Oro - Remasterizado,0.155,0.43,0.11599999999999999,96.58
1922,['Ignacio Corsini'],El Huerfano - Remasterizado,0.0749,0.366,0.0806,90.969
1922,['Mistinguett'],J'en Ai Marre,0.20600000000000002,0.511,0.0592,70.443
1922,['Ignacio Corsini'],Nostalgia - Remasterizado,0.158,0.496,0.0423,79.87100000000002
1922,['Ignacio Corsini'],Monigote - Remasterizado,0.561,0.42200000000000004,0.461,121.542
1922,['Ignacio Corsini'],El Beso de la Muerte - Remasterizado,0.0997,0.493,0.0607,127.023
1922,['Jeanne Saint Bonnet'],Le Petit Amant,0.28300000000000003,0.6559999999999999,0.191,126.085
1922,['Ignacio Corsini'],Recuerdo Criollo - Remasterizado,0.102,0.313,0.0436,67.575
1922,['Ignacio Corsini'],Despedida - Remasterizado,0.308,0.425,0.0534,64.738
1922,['Uli'],Car Loans,0.574,0.6509999999999999,0.10400000000000001,99.87799999999999
1922,['Ignacio Corsini'],La Muchacha - Remasterizado,0.106,0.32299999999999995,0.0483,71.432
1922,['Ignacio Corsini'],Pobre Gaucho - Remasterizado,0.131,0.47600000000000003,0.0523,69.40899999999999
1922,['Ignacio Corsini'],El Poder de Tus Ojos - Remasterizado,0.244,0.35700000000000004,0.0478,72.51
1922,['Ignacio Corsini'],Pobre China - Remasterizado,0.17800000000000002,0.564,0.0432,60.422
1922,['Fortugé'],Antoine,0.153,0.537,0.0898,129.134
1922,['Georgius'],Sur La Pointe Des Pieds,0.34299999999999997,0.528,0.315,83.2
1923,"['Louis Armstrong', 'Earl Hines']",Weather Bird,0.262,0.831,0.0942,104.60600000000001
1923,['Bessie Smith'],Nobody Knows You When You're Down and Out,0.0423,0.614,0.0535,89.822
1923,['Bessie Smith'],'Tain't Nobody's Bizness If I Do,0.0443,0.537,0.0343,80.468
1923,['Louis Armstrong'],Ain't Misbehavin',0.254,0.665,0.10800000000000001,125.734
1923,['Bessie Smith'],Send Me to the 'Lectric Chair,0.0905,0.7709999999999999,0.0613,87.571
1923,"['Bessie Smith', 'Louis Armstrong']",St. Louis Blues (with Louis Armstrong),0.145,0.408,0.0501,68.8
1923,['Bessie Smith'],Need a Little Sugar in My Bowl,0.027000000000000003,0.693,0.0562,75.749
1923,['Bessie Smith'],Baby Won't You Please Come Home,0.0534,0.6829999999999999,0.0356,79.488
1923,['Bessie Smith'],"Empty Bed Blues, Pt. 1",0.062,0.7090000000000001,0.048,85.854
1923,['Bessie Smith'],Me and My Gin,0.0735,0.71,0.0488,90.917
1923,['Bessie Smith'],Young Woman's Blues,0.23199999999999998,0.525,0.0335,76.14
1923,"[""King Oliver's Creole Jazz Band""]",Snake Rag,0.361,0.708,0.0441,105.695
1923,"['Bessie Smith', 'Louis Armstrong']",St. Louis Blues,0.114,0.355,0.0588,69.902
1923,['Bessie Smith'],Gimme a Pigfoot and a Bottle of Beer,0.198,0.691,0.0784,103.90100000000001
1923,['Bessie Smith'],Careless Love,0.175,0.5870000000000001,0.0384,98.523
1923,['Bessie Smith'],Down Hearted Blues,0.0583,0.491,0.0431,166.27
1923,['Bessie Smith'],Backwater Blues,0.146,0.516,0.0454,71.14399999999998
1923,['Louis Armstrong'],I've Got The World On A String,0.18100000000000002,0.544,0.0387,129.803
1923,"['Bessie Smith', 'Louis Armstrong']",Sobbin' Hearted Blues,0.0795,0.415,0.0908,74.683
1923,['Bessie Smith'],Long Old Road,0.0792,0.557,0.0541,79.768
1923,['Louis Armstrong'],Lazy River,0.26899999999999996,0.5710000000000001,0.067,101.845
1923,['Bessie Smith'],Black Mountain Blues,0.063,0.6409999999999999,0.0727,65.673
1923,"[""King Oliver's Creole Jazz Band""]",Chimes Blues,0.18899999999999997,0.546,0.0581,80.318
1923,['Bessie Smith'],You've Been a Good Old Wagon,0.132,0.602,0.0532,77.087
1923,['Bessie Smith'],There'll Be a Hot Time in the Old Town Tonight,0.214,0.72,0.07,82.921
1923,['Louis Armstrong & His Hot Five'],Muggles,0.113,0.586,0.0607,85.235
1923,['Bessie Smith'],Work House Blues,0.0498,0.41700000000000004,0.0344,78.663
1923,['Bessie Smith'],Preachin' the Blues,0.185,0.703,0.0441,104.916
1923,['Louis Armstrong & His Hot Five'],West End Blues,0.27399999999999997,0.621,0.0514,84.788
1923,"[""King Oliver's Creole Jazz Band""]",Tears,0.35700000000000004,0.359,0.0511,205.053
1923,"[""Clarence Williams' Blue Five""]",Everybody Loves My Baby,0.193,0.514,0.23800000000000002,180.674
1923,['Bessie Smith'],"Empty Bed Blues, Pt. 2",0.0466,0.8,0.0578,84.544
1923,['Louis Armstrong & His Hot Seven'],A Monday Date,0.396,0.745,0.48100000000000004,117.75299999999999
1923,['Louis Armstrong & His Sebastian New Cotton Club Orchestra'],I'm A Ding Dong Daddy,0.45399999999999996,0.759,0.0822,109.79
1923,['Jimmie Rodgers'],Blue Yodel No. 9,0.251,0.76,0.0602,108.456
1923,['Louis Armstrong'],Song of the Islands,0.13,0.603,0.0426,143.497
1923,['Fletcher Henderson & His Orchestra'],Naughty Man,0.268,0.59,0.0725,189.266
1923,"[""Clarence Williams' Blue Five""]",Cake Walking Babies (From Home),0.435,0.634,0.0474,121.516
1923,['Louis Armstrong & His Hot Seven'],Hotter Than That,0.321,0.792,0.131,108.60700000000001
1923,['Louis Armstrong & His Hot Seven'],Potato Head Blues,0.29,0.5870000000000001,0.177,183.352
1923,['Louis Armstrong & His Hot Five'],Skid-Dat-De-Dat,0.0841,0.6579999999999999,0.0496,121.494
1923,"[""Clarence Williams' Blue Five""]",Pickin' On Your Baby,0.153,0.52,0.044000000000000004,102.93700000000001
1923,['Louis Armstrong & His Hot Five'],Beau Koo Jack,0.418,0.733,0.0765,121.289
1923,['Maggie Jones'],Anybody Here Want to Try My Cabbage?,0.201,0.584,0.0575,82.54899999999998
1923,['Louis Armstrong & His Savoy Ballroom Five'],No One Else But You,0.311,0.496,0.124,191.035
1923,['Margaret Johnson'],Changeable Daddy Of Mine,0.214,0.583,0.0423,101.916
1923,"[""Clarence Williams' Blue Five""]",Texas Moaner Blues - 78rpm Version,0.272,0.519,0.0627,80.523
1923,['Louis Armstrong & His Sebastian New Cotton Club Orchestra'],Sweethearts On Parade,0.261,0.606,0.0679,128.025
1923,['Louis Armstrong & His Savoy Ballroom Five'],I Can't Give You Anything But Love,0.11800000000000001,0.66,0.0648,108.305
1923,['Louis Armstrong & His Hot Five'],Heebie Jeebies,0.23199999999999998,0.63,0.0569,164.02700000000004
1923,['Louis Armstrong & His Hot Seven'],Gully Low Blues,0.14400000000000002,0.679,0.0975,108.83200000000001
1923,['Louis Armstrong & His Hot Five'],Basin Street Blues - rec. 1928,0.353,0.561,0.0538,107.711
1923,['Louis Armstrong'],When Your Lover Has Gone,0.233,0.45399999999999996,0.0433,119.956
1923,['Fletcher Henderson & His Orchestra'],Sugar Foot Stomp,0.207,0.78,0.0771,100.376
1923,['Louis Armstrong'],Mahogany Hall Stomp,0.27399999999999997,0.642,0.10099999999999999,184.923
1923,['Louis Armstrong & His Sebastian New Cotton Club Orchestra'],I'm Confessin' (That I Love You),0.14,0.479,0.0725,81.67399999999998
1923,['Louis Armstrong'],I Can't Believe That You're In Love With Me,0.204,0.579,0.0804,154.333
1923,['Maggie Jones'],Good Time Flat Blues,0.196,0.551,0.0594,76.598
1923,['Fletcher Henderson & His Orchestra'],T.N.T.,0.408,0.809,0.0846,113.494
1923,['Louis Armstrong'],Knockin' A Jug - 78 rpm Version,0.395,0.7879999999999999,0.301,113.336
1923,['Louis Armstrong & His Hot Five'],Gut Bucket Blues,0.21600000000000005,0.602,0.0676,146.183
1923,['Louis Armstrong'],Struttin'With Some Barbecue,0.212,0.726,0.126,97.21
1923,['Louis Armstrong'],When It's Sleepy Time Down South,0.17800000000000002,0.527,0.0793,105.09299999999999
1923,"['Bertha ""Chippie"" Hill', 'Louis Armstrong']",Pleadin' for the Blues,0.134,0.6609999999999999,0.0763,71.497
1923,['Louis Armstrong & His Hot Five'],Tight Like This,0.254,0.726,0.124,110.86
1923,['Seger Ellis'],To Be In Love,0.203,0.564,0.0743,160.767
1923,"[""Clarence Williams' Blue Five""]",You Can't Shush Katie,0.231,0.713,0.067,108.48200000000001
1923,['Louis Armstrong'],That Rhythm Man,0.38799999999999996,0.7190000000000001,0.154,118.272
1923,['Louis Armstrong & His Sebastian New Cotton Club Orchestra'],Memories Of You,0.13,0.615,0.0466,108.87299999999999
1923,['Louis Armstrong'],Blue Again,0.31,0.598,0.0714,110.346
1923,['Louis Armstrong'],Chicago Breakdown,0.325,0.604,0.213,168.50599999999997
1923,['Louis Armstrong'],(What Did I Do to Be So) Black and Blue,0.188,0.6809999999999999,0.0482,103.095
1923,['Louis Armstrong & His Hot Seven'],Weary Blues,0.24600000000000002,0.573,0.22399999999999998,205.419
1923,['Louis Armstrong'],On The Sunny Side Of The Street - Part 1,0.228,0.585,0.0475,98.685
1923,['Louis Armstrong & His Hot Five'],Two Deuces,0.294,0.713,0.073,85.29899999999998
1923,['Louis Armstrong & His Hot Five'],King Of The Zulas,0.168,0.536,0.114,169.06099999999995
1923,['Louis Armstrong'],Between The Devil And The Deep Blue Sea,0.203,0.625,0.077,133.909
1923,['Louis Armstrong'],On The Sunny Side Of The Street - Part 2,0.266,0.5589999999999999,0.0512,101.279
1923,['Louis Armstrong'],Stardust,0.209,0.7170000000000001,0.0622,127.40100000000001
1923,"[""Erskine Tate's Vendome Orchestra""]","Stomp Off, Let's Go",0.47700000000000004,0.6920000000000001,0.363,118.604
1923,['Louis Armstrong & His Hot Five'],Skip The Gutter,0.131,0.653,0.0628,124.1
1923,['Louis Armstrong'],"Chinatown, My Chinatown",0.525,0.562,0.142,158.373
1923,['Louis Armstrong'],My Sweet,0.284,0.741,0.0505,105.84
1923,"[""Carroll Dickerson's Savoyagers""]",Symphonic Raps,0.368,0.78,0.0958,115.40100000000001
1923,['Nolan Welsh'],The Bridwell Blues,0.136,0.657,0.33899999999999997,72.492
1923,['The Southern Serenaders'],Alone At Last,0.184,0.66,0.0322,107.32799999999999
1923,['Louis Armstrong'],St. Louis Blues - Alternate Take B,0.47,0.68,0.11,181.03799999999998
1923,"[""Clarence Williams' Blue Five""]",Papa De Da Da,0.132,0.6729999999999999,0.0771,105.5
1923,['Lillie Delk Christian'],I Must Have That Man,0.221,0.851,0.0932,116.444
1923,['Louis Armstrong'],When You're Smiling - Non Vocal Take,0.193,0.5,0.0347,147.29
1923,['Louis Armstrong & His Hot Five'],Basin Street Blues - rec. 1928,0.27899999999999997,0.604,0.0446,123.271
1923,['Louis Armstrong & His Hot Five'],Savoy Blues,0.151,0.8109999999999999,0.0823,127.944
1923,['Louis Armstrong'],Song Of The Vipers,0.255,0.5529999999999999,0.0874,181.769
1923,['Hykoski Studios'],Long Live Love Life,0.121,0.779,0.0547,100.00299999999999
1923,['Louis Armstrong'],Stardust,0.298,0.614,0.0541,122.319
1923,['Louis Armstrong & His Hot Seven'],Put 'Em Down Blues,0.278,0.6659999999999999,0.0926,101.729
1923,"['Bertha ""Chippie"" Hill']",Low Land Blues,0.115,0.4920000000000001,0.0898,172.97099999999998
1923,['Louis Armstrong & His Hot Five'],Cornet Chop Suey,0.19,0.5579999999999999,0.0869,170.06599999999997
1923,['Lillie Delk Christian'],Too Busy,0.28600000000000003,0.603,0.0806,176.56599999999997
1923,"['Hociel Thomas', 'Louis Armstrong']",Listen To Ma,0.128,0.536,0.0435,91.93700000000001
1924,"['Paul Whiteman & His Orchestra', 'Bix Beiderbecke']",Mississippi Mud (feat. Bix Beiderbecke),0.395,0.6779999999999999,0.133,184.446
1924,"['Jean Goldkette and his Orchestra', 'Bix Beiderbecke']",In My Merry Oldsmobile,0.23800000000000002,0.721,0.0419,111.37200000000001
1924,"['Paul Whiteman & His Orchestra', 'Bix Beiderbecke']",Changes,0.319,0.693,0.0545,107.014
1924,"['Jean Goldkette and his Orchestra', 'Bix Beiderbecke']",Sunday,0.326,0.865,0.0492,108.316
1924,"['Jean Goldkette and his Orchestra', 'Bix Beiderbecke']",Slow River,0.275,0.625,0.0358,104.05
1924,"['Bix Beiderbecke', 'Hoagy Carmichael & His Orchestra']",Barnacle Bill The Sailor,0.784,0.61,0.266,131.186
1924,"['Paul Whiteman & His Orchestra', 'Bix Beiderbecke', 'Bing Crosby']",There Ain't No Sweet Man That's Worth the Salt of My Tears,0.209,0.588,0.114,169.049
1924,"['Jean Goldkette and his Orchestra', 'Bix Beiderbecke']",I'm Looking Over a Four-Leaf Clover (feat. Bix Beiderbecke),0.303,0.7809999999999999,0.0417,110.684
1924,"['Hoagy Carmichael & His Orchestra', 'Bix Beiderbecke', 'Bud Freeman']",Bessie Couldn't Help It,0.447,0.826,0.0547,95.616
1924,"['Paul Whiteman & His Orchestra', 'Bix Beiderbecke']",Lonely Melody,0.527,0.622,0.0468,96.512
1924,"['Bix Beiderbecke', 'Jean Goldkette and his Orchestra']",I'm Proud of a Baby Like You,0.28600000000000003,0.736,0.0457,104.57
1924,"['Bix Beiderbecke', 'Hoagy Carmichael & His Orchestra']",Rockin' Chair,0.363,0.657,0.4,161.306
1924,"['Paul Whiteman & His Orchestra', 'Bix Beiderbecke', 'Bing Crosby']",(What Are You Waiting For) Mary,0.392,0.42200000000000004,0.0388,189.58599999999998
1924,"['Hoagy Carmichael & His Orchestra', 'Bix Beiderbecke']",Georgia On My Mind (feat. Bix Beiderbecke),0.204,0.488,0.0447,104.229
1924,"['Jean Goldkette and his Orchestra', 'Bix Beiderbecke']",I Didn't Know,0.504,0.614,0.0332,101.04
1924,"['Bix Beiderbecke', 'Jean Goldkette and his Orchestra']",My Pretty Girl,0.568,0.618,0.083,128.99
1924,"['Paul Whiteman & His Orchestra', 'Bix Beiderbecke']",Sugar,0.37799999999999995,0.765,0.0796,105.34899999999999
1924,['Louis Armstrong'],(What Did I Do to Be So) Black and Blue,0.17600000000000002,0.674,0.0574,98.984
1924,"['Bix Beiderbecke And His Orchestra', 'Bix Beiderbecke']","Deep Down South (From ""Pardon My Gun"")",0.44799999999999995,0.565,0.0554,85.618
1924,"['Paul Whiteman & His Orchestra', 'Bix Beiderbecke']",Dardanella,0.33,0.491,0.0763,207.459
1924,"['Paul Whiteman & His Orchestra', 'Bing Crosby', 'Bix Beiderbecke']",From Monday On (with Bing Crosby & Bix Beiderbecke),0.5870000000000001,0.649,0.147,110.947
1924,"['Jean Goldkette and his Orchestra', 'Bix Beiderbecke']",Idolizing,0.287,0.679,0.0427,111.344
1924,"['Bix Beiderbecke And His Orchestra', 'Bix Beiderbecke']","I'll Be a Friend ""With Pleasure""",0.262,0.508,0.0405,137.012
1924,"['Paul Whiteman & His Orchestra', 'Bix Beiderbecke']",Coquette,0.273,0.664,0.0445,105.79799999999999
1924,"['Bix Beiderbecke', 'Bix Beiderbecke And His Orchestra']",I Don't Mind Walking in the Rain (If I'm Walking in the Rain with You),0.24,0.41600000000000004,0.0656,171.83
1924,"['Paul Whiteman & His Orchestra', 'Bix Beiderbecke']",Louisiana,0.26,0.636,0.0449,97.79700000000001
1924,"['Paul Whiteman & His Orchestra', 'Bix Beiderbecke']",Lovable,0.38299999999999995,0.6709999999999999,0.0385,116.62799999999999
1924,"['Bix Beiderbecke', 'Paul Whiteman & His Orchestra', 'Jack Fulton']",Forget-Me-Not,0.28600000000000003,0.396,0.125,191.856
1924,"['Paul Whiteman & His Orchestra', 'Bix Beiderbecke']",San,0.45799999999999996,0.6779999999999999,0.0478,111.73100000000001
1924,"['Jean Goldkette and his Orchestra', 'Bix Beiderbecke']",I'm Gonna Meet My Sweetie Now,0.535,0.741,0.0411,118.205
1924,"['Jean Goldkette and his Orchestra', 'Bix Beiderbecke']",Clementine (From New Orleans) - Remastered 1989,0.34600000000000003,0.625,0.0686,177.112
1924,['Ignacio Corsini'],Tristeza Criolla - Remasterizado,0.153,0.29100000000000004,0.0586,177.144
1924,['Ignacio Corsini'],A Lo Lejos - Remasterizado,0.158,0.439,0.0732,168.59599999999998
1924,['Francisco Canaro'],Fantasio - Remasterizado,0.254,0.589,0.0576,116.602
1924,"['Paul Whiteman & His Concert Orchestra', 'Bix Beiderbecke']",Washboard Blues,0.0815,0.536,0.0494,112.243
1924,['Francisco Canaro'],El Vazquito - Remasterizado,0.235,0.6859999999999999,0.10400000000000001,118.773
1924,['George Olsen'],A Sun-Kist Cottage In California,0.28,0.396,0.049,211.83900000000003
1924,['Francisco Canaro'],Ki Ki - Remasterizado,0.532,0.524,0.385,116.661
1924,"['The Chenille Sisters', ""James Dapogny's Chicago Jazz Band""]",Sentimental Journey,0.132,0.581,0.033,71.587
1924,['Francisco Canaro'],La Cabeza del Italiano - Remasterizado,0.177,0.601,0.0701,72.738
1924,['Francisco Canaro'],Una Noche en París - Remasterizado,0.3,0.682,0.0607,121.616
1924,['Francisco Canaro'],Sobre el Pucho - Remasterizado,0.154,0.605,0.0626,124.756
1924,['Ignacio Corsini'],Olga - Remasterizado,0.278,0.332,0.0748,179.54
1924,"['The Chenille Sisters', ""James Dapogny's Chicago Jazz Band""]",Low Gravy,0.312,0.7120000000000001,0.0552,76.98100000000002
1924,['Ignacio Corsini'],Juan de los Santos Arena - Remasterizado,0.198,0.408,0.0552,120.807
1924,['Francisco Canaro'],Día de Lluvia - Remasterizado,0.24,0.46299999999999997,0.127,138.878
1924,['Francisco Canaro'],La Sulamita - Remasterizado,0.652,0.425,0.0707,176.25599999999997
1924,['Francisco Canaro'],Francesita - Remasterizado,0.429,0.371,0.3670000000000001,83.762
1924,['Adolphe Bérard'],Les grains de beauté,0.27699999999999997,0.462,0.057999999999999996,91.775
1924,['Duke Ellington & His Washingtonians'],Black and Tan Fantasy,0.18100000000000002,0.5479999999999999,0.0491,108.274
1924,"['The Chenille Sisters', ""James Dapogny's Chicago Jazz Band""]",I Want To Be Happy,0.557,0.687,0.0594,121.01100000000001
1924,['Hot Lips Page'],Jump For Joy,0.452,0.626,0.0698,125.29299999999999
1924,['Dombrova Piano Duo'],Rhapsody in Blue (for piano 4 hands),0.0909,0.3720000000000001,0.0557,71.866
1924,['Francisco Canaro'],Sin Consuelo - Remasterizado,0.491,0.508,0.21899999999999997,74.513
1924,['Georges Milton'],J'aime pas ca,0.316,0.7070000000000001,0.0686,90.009
1924,"['Paul Whiteman & His Orchestra', 'Bix Beiderbecke']",My Pet,0.179,0.778,0.0502,96.40799999999999
1924,['Sara Gee & Ramblin Matt'],Wild Women Don't Have the Blues,0.138,0.59,0.0628,81.219
1924,['Francisco Canaro'],Oh París - Remasterizado,0.316,0.588,0.0668,172.762
1924,['Francisco Canaro'],El Flechazo - Remasterizado,0.43799999999999994,0.634,0.253,127.552
1924,['Johann Sebastian Bach'],Avec bidasse,0.239,0.6609999999999999,0.243,93.021
1924,['Bayan Sultan'],Gemi Kalkar Sular Aka,0.222,0.382,0.0712,80.039
1924,['Francisco Canaro'],Sentimiento Gaucho - Remasterizado,0.21899999999999997,0.5329999999999999,0.0827,71.05
1924,"['The Chenille Sisters', ""James Dapogny's Chicago Jazz Band""]",Rum and Coca Cola,0.455,0.657,0.0547,143.431
1924,"['The Chenille Sisters', ""James Dapogny's Chicago Jazz Band""]",Bye Bye Blues,0.5870000000000001,0.647,0.0638,119.70299999999999
1924,['Francisco Canaro'],Pato Alegre - Remasterizado,0.506,0.369,0.182,120.913
1924,['Francisco Canaro'],Pero Hay Una Melena - Remasterizado,0.40299999999999997,0.628,0.0352,77.773
1924,['Mistinguett'],Ils n'ont pas ca,0.467,0.6559999999999999,0.177,129.865
1924,"['Paul Whiteman & His Orchestra', 'Bix Beiderbecke']",When,0.41100000000000003,0.727,0.0622,111.37100000000001
1924,['George Olsen'],Nancy,0.32899999999999996,0.6659999999999999,0.033,109.65
1924,['Lionel Hampton Orchestra'],I Got Rhythm,0.895,0.589,0.10300000000000001,141.475
1924,['Ignacio Corsini'],Galletita - Remasterizado,0.138,0.5589999999999999,0.11699999999999999,111.322
1924,['Francisco Canaro'],Puentecito - Remasterizado,0.306,0.585,0.0774,116.973
1924,['Fred Gouin'],Elle a perdu son pantalon,0.267,0.722,0.0926,126.281
1924,['Georgius'],Passons la monnaie,0.374,0.61,0.293,138.204
1924,['René De Buxeuil'],L'âme des roses,0.314,0.40399999999999997,0.0785,74.166
1924,['Francisco Canaro'],La Madrecita - Remasterizado,0.45799999999999996,0.374,0.0369,134.416
1924,['Dranem'],J'ai eu tort,0.262,0.644,0.0767,64.835
1924,['Francisco Canaro'],Juventud - Remasterizado,0.23199999999999998,0.494,0.175,65.9
1924,['George Olsen'],The Slave of Love,0.382,0.33399999999999996,0.0393,202.861
1924,['Duke Ellington'],"Up and Down, Up and Down (I Will Lead Them Up and Down) [Puck]",0.33299999999999996,0.602,0.0284,77.438
1924,['Francisco Canaro'],Solita - Remasterizado,0.284,0.725,0.0691,119.16799999999999
1924,['Francisco Canaro'],Mameluke - Remasterizado,0.251,0.653,0.0681,116.70299999999999
1924,['Francisco Canaro'],Cotillón - Remasterizado,0.4320000000000001,0.225,0.057999999999999996,171.9
1924,['Lionel Hampton Orchestra'],How High the Moon,0.623,0.33899999999999997,0.0481,80.847
1924,['Maurice Chevalier'],Ca vient ou ca n'vient pas,0.256,0.6,0.0932,81.477
1924,['Francisco Canaro'],El Borracho - Remasterizado,0.369,0.3,0.0598,71.88
1924,['Bessie Smith'],Work House Blues,0.212,0.494,0.0332,80.28699999999998
1924,['George Olsen'],Save Your Sorrow For Tomorrow,0.33799999999999997,0.43799999999999994,0.0479,209.855
1924,['Maurice Chevalier'],Les ananas,0.302,0.616,0.161,136.155
1924,['Francisco Canaro'],Padre Nuestro - Remasterizado,0.0849,0.48700000000000004,0.0969,132.86
1924,['Francisco Canaro'],Melodía de Amor - Remasterizado,0.3720000000000001,0.389,0.0709,133.53799999999998
1924,['Francisco Canaro'],Arrepentida - Remasterizado,0.38799999999999996,0.39299999999999996,0.17600000000000002,213.44799999999998
1924,['Francisco Canaro'],Recuerdo de París - Remasterizado,0.257,0.4320000000000001,0.0805,71.063
1924,['Francisco Canaro'],La Garconiere - Remasterizado,0.36,0.467,0.0516,119.334
1924,['Francisco Canaro'],Arabian Smiles - Remasterizado,0.33399999999999996,0.397,0.0706,136.523
1924,['Francisco Canaro'],Pobre Madrecita - Remasterizado,0.297,0.53,0.136,128.019
1924,['Francisco Canaro'],La Virgen de Estambul - Remasterizado,0.299,0.355,0.0456,130.437
1924,['George Olsen'],Nobody Knows What a Red-Head Mama Can Do,0.36200000000000004,0.585,0.0934,183.72799999999998
1924,['George Olsen'],My Papa Doesn't Two-Time No Time,0.327,0.794,0.0535,108.723
1924,['George Olsen'],You'll Never Get to Heaven with Those Eyes,0.319,0.6890000000000001,0.0612,97.806
1925,['Tommy Dorsey'],"On the Sunny Side of the Street (From ""Is Everybody Happy?"")",0.175,0.6779999999999999,0.0301,112.941
1925,['Tommy Dorsey'],Manhattan Serenade,0.0804,0.455,0.04,77.926
1925,['Tommy Dorsey'],Opus #1,0.4970000000000001,0.377,0.0332,169.203
1925,"['Tommy Dorsey', 'Jack Leonard', 'Bunny Berigan']",Marie,0.17,0.531,0.0771,165.165
1925,['Tommy Dorsey'],I'm Gettin' Sentimental Over You,0.10800000000000001,0.513,0.0315,103.75200000000001
1925,['Louis Armstrong & His Hot Five'],Muskrat Ramble,0.336,0.6659999999999999,0.222,183.833
1925,['Tommy Dorsey'],Star Dust,0.0887,0.473,0.0418,78.675
1925,['Louis Armstrong & His Hot Five'],"Come Back, Sweet Papa",0.3,0.7829999999999999,0.13,99.102
1925,['Ethel Waters'],Heat Wave,0.24100000000000002,0.68,0.0634,84.91
1925,['Tommy Dorsey'],Song of India,0.23,0.41,0.0602,174.06599999999997
1925,['Tommy Dorsey'],Boogie Woogie,0.222,0.6890000000000001,0.127,145.205
1925,"['Tommy Dorsey', 'Sy Oliver', 'Jo Stafford']","Yes, Indeed!",0.217,0.804,0.0602,131.11700000000002
1925,['Louis Armstrong & His Hot Five'],Droppin' Shucks,0.28800000000000003,0.583,0.12300000000000001,177.64700000000005
1925,['Louis Armstrong & His Hot Five'],Heebie Jeebies,0.324,0.6709999999999999,0.106,164.628
1925,['Ethel Waters'],Stormy Weather (Keeps Rainin' All The Time) - 78rpm Version,0.213,0.35,0.0399,85.369
1925,['Louis Armstrong & His Hot Five'],Don't Forget To Mess Around,0.34700000000000003,0.631,0.0601,101.803
1925,['The Dorsey Brothers'],My Melancholy Baby,0.341,0.731,0.146,101.40799999999999
1925,['Louis Armstrong & His Hot Five'],The King of the Zulus,0.257,0.595,0.215,166.855
1925,['Louis Armstrong & His Hot Five'],My Heart,0.467,0.6920000000000001,0.0897,97.85799999999999
1925,['Louis Armstrong & His Hot Five'],Yes! I'm in the Barrel,0.282,0.7509999999999999,0.0697,154.265
1925,['Louis Armstrong & His Hot Five'],Oriental Strut,0.258,0.541,0.0865,183.702
1925,['Louis Armstrong & His Hot Five'],You're Next,0.223,0.625,0.0577,125.495
1925,['Ethel Waters'],Harlem On My Mind,0.11199999999999999,0.568,0.0747,95.221
1925,['Tommy Dorsey'],Hawaiian War Chant,0.363,0.6940000000000001,0.10300000000000001,101.726
1925,['Louis Armstrong & His Hot Five'],Gut Bucket Blues,0.295,0.573,0.0525,146.336
1925,['Louis Armstrong & His Hot Five'],Georgia Grind,0.213,0.73,0.0554,140.34
1925,['Tommy Dorsey'],I'll Never Smile Again,0.127,0.345,0.0372,71.003
1925,['Louis Armstrong & His Hot Five'],Cornet Chop Suey,0.287,0.622,0.153,94.98700000000001
1925,['Ethel Waters'],(What Did I Do To Be So) Black and Blue?,0.19699999999999998,0.7,0.136,120.542
1925,['Louis Armstrong & His Hot Five'],Who'sit,0.335,0.7240000000000001,0.0411,106.338
1925,['Louis Armstrong & His Hot Five'],Big Fat Ma and Skinny Pa,0.341,0.596,0.271,170.338
1925,['Louis Armstrong & His Hot Five'],I'm Gonna Gitcha,0.34299999999999997,0.551,0.11800000000000001,203.051
1925,"['Tommy Dorsey', 'Edythe Wright']",Head Over Heels in Love,0.28800000000000003,0.6679999999999999,0.0747,95.92200000000001
1925,['Louis Armstrong & His Hot Five'],Gut Bucket Blues,0.141,0.618,0.113,138.691
1925,['The Big Aces'],Cherry,0.33299999999999996,0.5379999999999999,0.0764,174.542
1925,['Louis Armstrong & His Hot Five'],Jazz Lips,0.341,0.8009999999999999,0.0927,107.101
1925,['Louis Armstrong & His Hot Five'],Skid-Dat-De-Dat,0.146,0.672,0.0472,122.12700000000001
1925,['Louis Armstrong & His Hot Five'],Sweet Little Papa,0.337,0.597,0.136,187.665
1925,['Tommy Dorsey'],At The Fat Man's,0.435,0.617,0.0466,154.89
1925,['Connie Boswell'],Lullaby Of The Leaves,0.10400000000000001,0.376,0.0488,90.542
1925,['The Golden Gate Orchestra'],"Dusting The Donkey - aka ""The Pay-Off""",0.449,0.797,0.0826,113.21600000000001
1925,['Bing Crosby'],How Deep Is the Ocean?,0.11699999999999999,0.326,0.0446,92.875
1925,['Paul Whiteman & His Orchestra'],It Won't Be Long Now,0.266,0.552,0.142,157.75799999999995
1925,['Tom Dorsey'],It's Right Here For You,0.324,0.7240000000000001,0.0631,94.042
1925,['Louis Armstrong & His Hot Five'],Lonesome Blues,0.188,0.594,0.0406,83.759
1925,['The Boswell Sisters'],Sentimental Gentleman From Georgia,0.132,0.6679999999999999,0.094,122.527
1925,['Tommy Dorsey'],March Of The Toys,0.58,0.5579999999999999,0.121,177.79
1925,"['Tommy Dorsey', 'Jimmy Dorsey']",Dippermouth Blues (feat. Jimmy Dorsey),0.867,0.46399999999999997,0.135,119.664
1925,['Tommy Dorsey'],Easy Does It,0.428,0.526,0.317,176.68099999999995
1925,['Tommy Dorsey & His Clambake Seven'],Vol Vistu Gaily Star,0.502,0.787,0.0529,111.209
1925,['Tommy Dorsey'],Rhumboogie,0.494,0.536,0.47200000000000003,180.142
1925,['Tommy Dorsey'],Take The 'A' Train,0.36,0.435,0.20600000000000002,71.27600000000002
1925,['The Travelers'],Breakaway,0.609,0.934,0.0636,107.321
1925,['Duke Ellington'],Tonight I Shall Sleep,0.141,0.183,0.0363,81.125
1925,['Tommy Dorsey'],Pussy Willow,0.249,0.59,0.0313,139.101
1925,['Chick Bullock And His Levee Loungers'],Bend Down Sister,0.376,0.7759999999999999,0.0436,106.555
1925,"[""The Dorsey Brothers' Orchestra""]",Mean To Me,0.171,0.573,0.0442,147.841
1925,['The All-Star Orchestra'],Add A Little Wiggle,0.429,0.6970000000000001,0.0583,100.54
1925,['Sam Lanin & His Famous Players & Singers'],Ten Little Miles From Town,0.285,0.775,0.0597,83.803
1925,['Tommy Dorsey'],Trombonology,0.493,0.721,0.0354,104.167
1925,['Ethel Waters'],Please Don't Talk About Me When I'm Gone,0.22699999999999998,0.628,0.0824,128.357
1925,['Ed Lang & His Orchestra'],Bugle Call Rag - 78 rpm Version,0.613,0.823,0.0674,114.038
1925,['Louis Armstrong & His Hot Five'],Muskrat Ramble,0.21600000000000005,0.6859999999999999,0.0959,174.4
1925,['Jack Bland'],Who Stole The Lock (On The Hen-House Door),0.69,0.767,0.335,119.29299999999999
1925,"['Frank Sinatra', 'Tommy Dorsey Orchestra']",Imagination,0.0748,0.499,0.044000000000000004,113.26799999999999
1925,['Tommy Dorsey & His Clambake Seven'],One Night In Monte Carlo,0.341,0.7959999999999999,0.0567,117.325
1925,['Art Jarrett'],Goodbye Blues,0.293,0.517,0.0416,131.702
1925,['Tommy Dorsey'],Melody In F,0.318,0.575,0.1,171.98
1925,['Ethel Waters'],Shake That Thing,0.038,0.636,0.0516,95.04299999999999
1925,['The Charleston Chasers'],Cinderella Brown,0.409,0.799,0.0825,88.61399999999998
1925,"['Tommy Dorsey', 'Elvis Presley']",Heartbreak Hotel,0.539,0.521,0.508,93.412
1925,['Tommy Dorsey'],Do I Worry?,0.165,0.397,0.053,109.488
1925,['Harold Lem & His Orchestra'],I Got Rhythm,0.35,0.848,0.0583,114.51799999999999
1925,['Tommy Dorsey'],Flagler Drive,0.642,0.5660000000000001,0.0472,137.34
1925,['Tommy Dorsey'],"Stop, Look and Listen",0.332,0.693,0.139,163.99099999999999
1925,['Tommy Dorsey'],Jimtown Blues,0.6940000000000001,0.841,0.0988,106.23700000000001
1925,['Ethel Waters'],No Man's Mama - A Woman's Choice,0.309,0.669,0.0723,112.189
1925,['Tommy Dorsey'],East Of The Sun,0.127,0.613,0.0793,122.77600000000001
1925,"['Tommy Dorsey', 'Duke Ellington']",The Minor Goes Muggin',0.461,0.4320000000000001,0.0533,178.09799999999996
1925,['Hoagy Carmichael & His Orchestra'],Moon Country,0.122,0.667,0.0441,119.835
1925,['Tommy Dorsey'],I Could Make You Care,0.215,0.3,0.0351,97.463
1925,['Tommy Dorsey & His Clambake Seven'],There's Good Blues Tonight,0.37799999999999995,0.7509999999999999,0.462,128.665
1925,['Tommy Dorsey'],Liebestraum,0.418,0.496,0.19699999999999998,172.257
1925,"['Tommy Dorsey & His Clambake Seven', 'Edythe Wright']",After You,0.147,0.7440000000000001,0.0595,100.262
1925,['Ethel Waters'],My Kind Of Man,0.149,0.46799999999999997,0.0516,134.243
1925,['Sophie Tucker'],'Cause I Feel Lowdown,0.13699999999999998,0.7170000000000001,0.149,120.821
1925,['Sarah Martin'],Take Your Black Bottom Outside,0.214,0.618,0.195,74.541
1925,['Francisco Canaro'],Organito de la Tarde - Remasterizado,0.22,0.669,0.0718,115.552
1925,['The Columbia Photo Players'],Dust,0.34,0.759,0.0801,102.73100000000001
1925,['Ignacio Corsini'],Destellos - Remasterizado,0.0771,0.535,0.067,116.449
1925,['Francisco Canaro'],Quereme Serrana - Remasterizado,0.27,0.42,0.13,79.458
1925,['Pauline Carton'],Par Le Trou De La Serrure,0.28,0.535,0.18600000000000005,70.40100000000002
1925,['Georges Thill'],"Carmen, 14, Acte 2: ""La Fleur Que Tu M'avais Jetée""",0.0307,0.321,0.0521,62.306999999999995
1925,['Ignacio Corsini'],El Narcizo Negro - Remasterizado,0.136,0.439,0.042,95.57
1925,['Don Redman and His Orchestra'],Two-Time Man,0.295,0.708,0.28300000000000003,147.411
1925,['Ignacio Corsini'],El Flechazo - Remasterizado,0.161,0.34299999999999997,0.0546,127.287
1925,['Maurice Chevalier'],C'est Merveilleux,0.43799999999999994,0.679,0.075,113.682
1925,['Cab Calloway & His Orchestra'],Farewell Blues,0.486,0.8909999999999999,0.0741,114.92299999999999
1925,['Ignacio Corsini'],Altar Criollo - Remasterizado,0.11,0.534,0.0595,128.092
1925,['Ignacio Corsini'],La Carrera - Remasterizado,0.436,0.469,0.446,75.081
1921,"['Sergei Rachmaninoff', 'János Starker']",III. Andante,0.0135,0.158,0.038,67.372
1921,"['Jules Massenet', 'Arturo Toscanini']",IV. Fête bohème,0.147,0.508,0.0487,128.518
1921,['Simone Judic'],Billets Doux,0.19899999999999998,0.355,0.053,173.13
1921,"['Ottorino Respighi', 'Arturo Toscanini']",II. Gagliarda,0.0953,0.301,0.0314,75.179
1921,"['Sergei Rachmaninoff', 'Emanuel Ax', 'Yefim Bronfman']","Suite No. 1, Op. 5 ""Fantaisie-tableaux"": II. La nuit? L'amour",0.0769,0.292,0.0393,69.601
1921,['Phil Regan'],A Sweet Irish Sweetheart Of Mine,0.249,0.32,0.0342,93.765
1921,"['Sergei Rachmaninoff', 'Zubin Mehta', 'Vladimir Feltsman', 'Israel Philharmonic Orchestra']","Rhapsody on a Theme of Paganini, Op. 43: Var. XVIII, Andante cantabile",0.109,0.24100000000000002,0.0377,79.97399999999998
1921,['Fortugé'],Dans Sa Petite Mansarde,0.13,0.624,0.17,78.28
1921,"['Wolfgang Amadeus Mozart', 'Arturo Toscanini']","Symphony No. 39 in E-Flat Major, K. 543: IV. Finale. Allegro",0.304,0.38,0.0451,147.681
1921,"['Sergei Rachmaninoff', 'Michael Tilson Thomas', 'Barry Douglas', 'London Symphony Orchestra']",III. Allegro scherzando,0.0916,0.2,0.0376,65.211
1921,"['Sergei Rachmaninoff', 'Yuri Temirkanov', 'St. Petersburg Philharmonic Orchestra']",III. Adagio,0.0521,0.16,0.0398,86.736
1921,['THE GUY'],Return/Gone,0.42,0.713,0.0322,119.973
1921,['Mehmet Kemiksiz'],Beyaz Entarisiyle Kar Gibi Kız,0.5870000000000001,0.625,0.0353,136.951
1921,['Mehmet Kemiksiz'],Baksana Kim Boynu Bükük Ağlayan,0.655,0.623,0.0425,126.859
1921,['Neyzen İhsan Bey'],Sabah Taksim,0.162,0.39799999999999996,0.24100000000000002,71.59899999999998
1921,"['Sergei Rachmaninoff', 'Emanuel Ax', 'Yefim Bronfman']","Suite No. 1, Op. 5 ""Fantaisie-tableaux"": II. La nuit? L'amour",0.0769,0.292,0.0393,69.601
1921,['Georgius'],Pour Se Faire Remarquer,0.3670000000000001,0.561,0.354,75.554
1921,['Ignacio Corsini'],Mis Ilusiones Perdidas - Remasterizado,0.111,0.32299999999999995,0.0418,99.34899999999999
1921,['Morton Downey'],Molly Brannigan,0.2,0.6679999999999999,0.157,140.791
1921,"['Felix Mendelssohn', 'Arturo Toscanini']","A Midsummer Night's Dream, Op. 61: Wedding March",0.0923,0.456,0.0374,76.428
1921,['Emma Liebel'],La Femme A La Rose,0.45399999999999996,0.371,0.0781,110.56700000000001
1921,['Ignacio Corsini'],La Muerte de Milonguita - Remasterizado,0.122,0.374,0.0981,69.889
1921,"['Sergei Rachmaninoff', 'Yuri Temirkanov', 'St. Petersburg Philharmonic Orchestra']","No. 14, Vocalise",0.0257,0.0663,0.0472,74.282
1921,"['Georges Bizet', 'Arturo Toscanini']",IV. Farandole,0.355,0.528,0.0676,95.69
1921,['Maurice Chevalier'],Quand Il Y A Une Femme Dans Un Coin,0.242,0.408,0.0722,79.072
1921,['Ignacio Corsini'],La Brisa - Remasterizado,0.158,0.5870000000000001,0.20800000000000002,130.317
1921,['Ignacio Corsini'],La Payasa - Remasterizado,0.127,0.514,0.0688,69.873
1921,"['Georges Bizet', 'Arturo Toscanini']",Aragonaise (Act IV Entr'acte),0.2,0.441,0.0392,124.762
1923,['Louis Armstrong & His Hot Five'],Big Butter And Egg Man,0.273,0.6990000000000001,0.0886,102.375
1923,['Francisco Canaro'],Sol Mio - Remasterizado,0.39,0.501,0.05,83.162
1923,['Dranem'],Le Moment De M'en Aller,0.319,0.653,0.0519,102.225
1923,['Ignacio Corsini'],La Payasa - Remasterizado,0.28,0.47,0.129,130.445
1923,['Ignacio Corsini'],Entre Criollos - Remasterizado,0.248,0.414,0.0905,74.08800000000002
1923,['Ignacio Corsini'],Vencida - Remasterizado,0.0909,0.5720000000000001,0.139,131.55
1923,['Gaby Montbreuse'],C'est Au Bal Musette,0.353,0.435,0.0992,77.699
1923,['Edmée Favart'],Chanson De Route De Ciboulette,0.341,0.7829999999999999,0.873,121.287
1923,['Georgius'],Ma Gosse,0.285,0.635,0.217,123.84899999999999
1923,['Hafız Ahmet Celâl Tokses'],Pala Oyunu,0.401,0.23399999999999999,0.04,77.395
1923,['Francisco Canaro'],Fakir - Remasterizado,0.28300000000000003,0.424,0.0509,138.19
1923,['Robert Jysor'],Tu Voudrais Me Voir Pleurer,0.32,0.496,0.0847,108.512
1923,['Safiye Ayla'],Hicran,0.423,0.22699999999999998,0.095,81.23899999999998
1923,['Adolphe Bérard'],Le Tapis Vert,0.235,0.38,0.053,82.78299999999999
1923,['Hafız Ahmet Celâl Tokses'],Pek Muztaribim,0.33299999999999996,0.26,0.0896,78.08
1923,['Francisco Canaro'],Cuando Buda Sonríe - Remasterizado,0.335,0.377,0.0426,79.422
1923,['Francisco Canaro'],Electric Girl - Remasterizado,0.426,0.563,0.14800000000000002,80.204
1923,['Ignacio Corsini'],Sacate la Caretita - Remasterizado,0.0119,0.574,0.102,125.425
1923,['Francisco Canaro'],Veranito de San Juan - Remasterizado,0.272,0.515,0.10800000000000001,130.063
1923,['Francisco Canaro'],La Danza de las Libélulas - Remasterizado,0.22899999999999998,0.397,0.0365,80.086
1923,['Ignacio Corsini'],La Garconniere - Remasterizado,0.109,0.493,0.423,120.344
1923,['Gaby Montbreuse'],D'la Vraie Amour,0.28300000000000003,0.6409999999999999,0.316,65.865
1923,['Francisco Canaro'],Padre Nuestro - Remasterizado,0.243,0.6,0.055,125.772
1923,['Félix Mayol'],La Valse Du Faubourg,0.292,0.623,0.0558,61.28
1923,['Ignacio Corsini'],Juventud - Remasterizado,0.0359,0.415,0.0562,70.347
1923,['Ignacio Corsini'],Pobre Cotorro - Remasterizado,0.298,0.502,0.0805,135.238
1923,['Ignacio Corsini'],Beso de Sol - Remasterizado,0.14300000000000002,0.391,0.0425,78.544
1923,['Ignacio Corsini'],Mi Alazan Tostado - Remasterizado,0.305,0.335,0.0427,100.941
1923,['Mlle Davia'],Elle N'est Pas Si Mal Que Ca,0.292,0.519,0.0852,83.334
1923,['André Baugé'],Nous Avons Fait Un Beau Voyage,0.27899999999999997,0.607,0.174,73.673
1923,['Francisco Canaro'],I Ain't No Body's Darling - Remasterizado,0.43,0.47,0.0516,166.475
1923,['Ignacio Corsini'],Muchachita Loca - Remasterizado,0.212,0.435,0.0479,122.928
1923,['Francisco Canaro'],Nubes de Humo - Remasterizado,0.306,0.618,0.0535,122.62299999999999
1923,['Francisco Canaro'],Eleonore - Remasterizado,0.415,0.336,0.17,167.96
1923,['Robert Jysor'],Dans Les Jardins De L'alhambra,0.366,0.6659999999999999,0.0682,108.15799999999999
1923,['Francisco Canaro'],Negro Veio - Remasterizado,0.40700000000000003,0.40700000000000003,0.11599999999999999,134.869
1923,['Ignacio Corsini'],Fin de Fiesta - Remasterizado,0.273,0.537,0.114,126.42
1923,['Ignacio Corsini'],El Ranchito - Remasterizado,0.168,0.52,0.0598,133.933
1923,['Ignacio Corsini'],La Vuelta de Mi Amor - Remasterizado,0.345,0.375,0.337,74.236
1923,['Georgius'],Il N'osait Pas Se Decider,0.457,0.613,0.51,76.682
1923,['Gaby Montbreuse'],Le Roudoudou,0.22699999999999998,0.599,0.0646,78.265
1923,['Francisco Canaro'],Nerón - Remasterizado,0.29100000000000004,0.332,0.0555,186.57299999999998
1923,['Ignacio Corsini'],Pelele - Remasterizado,0.327,0.39399999999999996,0.12,63.228
1923,['Maurice Chevalier'],Si Vous N'aimez Pas Ca,0.247,0.564,0.29100000000000004,76.223
1923,['Maurice Chevalier'],C'est Paris,0.297,0.496,0.0816,84.27799999999998
1923,['FanChants: Navijači Radnički 1923'],Ekipa Je Na Nogama,0.9470000000000001,0.406,0.282,129.659
1923,['Francisco Canaro'],Dejeme Que la Acompañe - Remasterizado,0.381,0.433,0.0433,129.194
1923,['Francisco Canaro'],Pelele - Remasterizado,0.312,0.5660000000000001,0.0853,129.161
1923,['René De Buxeuil'],Y'a Des Loups,0.267,0.511,0.0862,133.22
1923,['Ignacio Corsini'],Cariño Eterno Irene - Remasterizado,0.311,0.337,0.0549,115.48
1923,['Francisco Canaro'],La Java - Remasterizado,0.29100000000000004,0.512,0.0407,150.63
1923,['Maurice Chevalier'],Ose Anna,0.33299999999999996,0.55,0.0543,89.669
1923,['Ignacio Corsini'],Juan de los Santos Arena - Remasterizado,0.237,0.345,0.0527,62.794
1923,['Francisco Canaro'],Los Ojazos de Mi Suegra - Remasterizado,0.24100000000000002,0.431,0.0651,117.04799999999999
1923,['Francisco Canaro'],La Ratonera - Remasterizado,0.32899999999999996,0.6,0.0683,125.571
1923,['Emma Liebel'],Rien Qu'une Nuit,0.301,0.21899999999999997,0.0457,77.506
1923,['Ignacio Corsini'],Sombras - Remasterizado,0.129,0.45899999999999996,0.0847,85.152
1923,['Dranem'],Aime Moi Emma,0.27699999999999997,0.57,0.0648,76.632
1923,['Maurice Chevalier'],Couplets De La Haut,0.221,0.48100000000000004,0.163,88.538
1923,['Francisco Canaro'],Camel - Remasterizado,0.45799999999999996,0.32299999999999995,0.0526,186.768
1923,['Perchicot'],Quand On Aime On A Toujours Vingt Ans,0.38299999999999995,0.374,0.188,169.83599999999996
1923,['Fortugé'],C'est Jeune Et Ca N'sait Pas,0.17300000000000001,0.687,0.0772,114.198
1923,['Francisco Canaro'],Ave María - Remasterizado,0.262,0.684,0.0666,120.389
1923,['Ignacio Corsini'],La Cabeza del Italiano - Remasterizado,0.096,0.335,0.0883,147.183
1923,['Ignacio Corsini'],Veni Pebeta - Remasterizado,0.24600000000000002,0.396,0.0565,63.823
1923,['Francisco Canaro'],Sacate la Caretita - Remasterizado,0.231,0.594,0.0608,117.917
1923,"['Qatar Concert Choir', 'Giovanni Pasini']","The Four Seasons: 'Winter' in F Minor, RV 297: Allegro non Molto - Choral Version",0.114,0.419,0.0476,127.63799999999999
1923,"['Eugénie Buffet', 'René De Buxeuil']",Ma Chanson,0.21899999999999997,0.515,0.10800000000000001,85.385
1923,['Dréan'],Si Tu Vois Ma Tante,0.345,0.6459999999999999,0.07200000000000001,122.15899999999999
1924,['Ignacio Corsini'],La Mina del Ford - Remasterizado,0.0258,0.0,0.0,0.0
1924,"['The Chenille Sisters', ""James Dapogny's Chicago Jazz Band""]",Nagasaki,0.599,0.65,0.0536,116.47399999999999
1924,['Ignacio Corsini'],Mi Rosal Ha Florecido - Remasterizado,0.0558,0.44299999999999995,0.11900000000000001,74.416
1924,['Lionel Hampton Orchestra'],Wine Song,0.578,0.613,0.0305,134.619
1924,['Francisco Canaro'],Porque - Remasterizado,0.285,0.738,0.0537,112.954
1924,['Jimmy Rushing And His Orchestra'],Down Hearted Blues,0.37,0.59,0.0367,80.482
1924,['Francisco Canaro'],Yo Tuve un Amorcito - Remasterizado,0.599,0.451,0.11,183.705
1924,['Francisco Canaro'],Marea Baja - Remasterizado,0.245,0.6890000000000001,0.0671,126.603
1924,['Francisco Canaro'],No me Digas Que la Quiero - Remasterizado,0.311,0.64,0.0539,124.044
1924,['Francisco Canaro'],Sobin Blue - Remasterizado,0.309,0.424,0.0591,127.24
1924,['Francisco Canaro'],El Serrucho - Remasterizado,0.48700000000000004,0.5760000000000001,0.0987,131.30700000000002
1924,['Ignacio Corsini'],El Beso de la Muerte - Remasterizado,0.111,0.494,0.0653,127.714
1924,['Francisco Canaro'],Sueño Indio - Remasterizado,0.52,0.209,0.0739,173.264
1924,['Francisco Canaro'],Ahí Va el Dulce - Remasterizado,0.4920000000000001,0.436,0.0977,127.16799999999999
1924,"['The Chenille Sisters', ""James Dapogny's Chicago Jazz Band""]",Goody-Goody,0.39799999999999996,0.6579999999999999,0.0434,157.969
1924,['Lionel Hampton Orchestra'],Mr. John,0.601,0.478,0.0434,140.472
1924,['Francisco Canaro'],Melodía de Amor - Remasterizado,0.278,0.315,0.0607,202.084
1924,['Francisco Canaro'],La Mora - Remasterizado,0.4,0.37,0.0697,127.29299999999999
1924,['Dréan'],Elle s'etait fait couper les cheveux,0.273,0.6920000000000001,0.0921,71.256
1924,"['Paul Whiteman & His Orchestra', 'Bix Beiderbecke']",Back In Your Own Backyard,0.23,0.563,0.0328,99.411
1924,['Bijoylal Mukherjee'],Nebe Aye Shyama Nebe Aye,0.312,0.301,0.0527,68.673
1924,['Francisco Canaro'],Asi me Dejas - Remasterizado,0.518,0.386,0.0446,117.085
1924,['George Olsen'],Biminy,0.322,0.434,0.0497,203.56400000000002
1924,['Mahalia Jackson'],The Holy Babe,0.38299999999999995,0.524,0.0544,164.574
1924,['Francisco Canaro'],Yo Busco a Mi Pebeta - Remasterizado,0.251,0.825,0.0775,75.416
1924,['Maurice Chevalier'],Dites moi m'sieur chevalier,0.381,0.723,0.48200000000000004,118.719
1924,['Francisco Canaro'],China - Remasterizado,0.318,0.674,0.256,130.672
1924,['Louis Armstrong & His Hot Seven'],Potato Head Blues,0.301,0.583,0.218,181.885
1924,['Luis Carlos Molina Acevedo'],Rhapsody in Blue,0.355,0.387,0.0336,126.13
1924,['Ignacio Corsini'],Torcacita - Remasterizado,0.18899999999999997,0.523,0.106,123.954
1924,['Luis Carlos Molina Acevedo'],Rhapsody in Blue: In Jazz,0.763,0.522,0.0365,120.0
1924,['Lionel Hampton Orchestra'],Flying Home,0.715,0.387,0.11800000000000001,129.754
1924,"['Jean Goldkette and his Orchestra', 'Bix Beiderbecke']",Hoosier Sweetheart,0.40399999999999997,0.624,0.0474,112.31700000000001
1924,['Francisco Canaro'],Muchachita Loca - Remasterizado,0.325,0.456,0.129,127.493
1924,"['The Chenille Sisters', ""James Dapogny's Chicago Jazz Band""]",Bob White,0.326,0.654,0.0706,79.84
1924,['George Olsen'],Toodles - My Baby's Baby Blue Eyes,0.39799999999999996,0.8009999999999999,0.0459,106.301
1924,['Mlle Davia'],Pour un homme,0.27399999999999997,0.382,0.062,127.38600000000001
1924,['Maurice Chevalier'],C'est pas grand chose,0.166,0.534,0.0719,129.39600000000002
1924,['Ignacio Corsini'],Fea - Remasterizado,0.11699999999999999,0.58,0.129,130.235
1924,"['The Chenille Sisters', ""James Dapogny's Chicago Jazz Band""]",Little White Lies,0.115,0.5920000000000001,0.040999999999999995,115.759
1924,['Francisco Canaro'],Yo Tuve un Cariño - Remasterizado,0.11599999999999999,0.456,0.1,132.705
1924,['Ignacio Corsini'],El Olivo - Remasterizado,0.0838,0.47,0.0726,116.98899999999999
1924,['George Olsen'],Sax-o-phun - A Study In Laugh and Slap Tongue,0.4920000000000001,0.6709999999999999,0.0395,109.993
1924,['Francisco Canaro'],En la Vida Hay un Corazón - Remasterizado,0.319,0.375,0.0441,163.387
1924,['Ignacio Corsini'],Melancolica Casita - Remasterizado,0.113,0.597,0.16399999999999998,65.457
1924,['Francisco Canaro'],China de Mi Amor - Remasterizado,0.231,0.746,0.0842,115.355
1924,['Francisco Canaro'],Il Picolo Navio - Remasterizado,0.233,0.731,0.264,124.516
1924,['George Olsen'],Sally Lou,0.282,0.619,0.0412,103.758
1924,['Lionel Hampton Orchestra'],Stompin' at the Savoy - Mix Two,0.568,0.547,0.0301,135.524
1924,['Francisco Canaro'],Un Metejón - Remasterizado,0.287,0.457,0.193,95.47
1924,['George Olsen'],Follow the Swallow,0.311,0.71,0.0374,106.585
1924,['Fortugé'],La chanson du trombone,0.151,0.535,0.0675,81.78699999999998
1924,['Robert Marino'],Les larmes de pierrot,0.271,0.327,0.0429,93.289
1924,['Francisco Canaro'],Asaura - Remasterizado,0.439,0.545,0.0815,121.012
1924,['Ignacio Corsini'],El Pato Alegre - Remasterizado,0.17,0.32899999999999996,0.0627,64.447
1924,['Francisco Canaro'],El Rocío - Remasterizado,0.49,0.499,0.12300000000000001,122.22399999999999
1924,['George Olsen'],Those Panama Mamas - Are Ruining me,0.316,0.753,0.047,105.50399999999999
1924,['Georges Milton'],Le trompette en bois,0.289,0.747,0.107,65.831
1924,['George Olsen'],Sax-o-phun,0.456,0.677,0.040999999999999995,104.675
1924,['Francisco Canaro'],Reflejos - Remasterizado,0.311,0.33399999999999996,0.0748,168.437
1924,['Francisco Canaro'],Amigazo - Remasterizado,0.5379999999999999,0.591,0.0724,115.426
1924,['George Olsen'],The Slave of Love,0.32299999999999995,0.728,0.0363,104.66799999999999
1924,['Francisco Canaro'],La Maldita - Remasterizado,0.524,0.574,0.105,127.60700000000001
1924,"['The Chenille Sisters', ""James Dapogny's Chicago Jazz Band""]",At the Codfish Ball,0.365,0.54,0.0537,158.53
1924,['Ignacio Corsini'],Martín Fierro - Remasterizado,0.305,0.546,0.0517,83.00399999999998
1924,['Ignacio Corsini'],Maullidos - Remasterizado,0.5870000000000001,0.461,0.49,67.355
1924,['Francisco Canaro'],Entre Rejas - Remasterizado,0.515,0.262,0.0685,74.955
1924,['Francisco Canaro'],Alfredo - Remasterizado,0.325,0.616,0.0441,118.544
1924,['Bijoylal Mukherjee'],Omon Kore Ma Tor Haasi,0.33899999999999997,0.34600000000000003,0.039,92.245
1924,['Francisco Canaro'],Madame Pompadour - Remasterizado,0.27899999999999997,0.535,0.0844,149.034
1924,['Francisco Canaro'],Mi Noche Alegre - Remasterizado,0.305,0.513,0.248,116.572
1924,['Lionel Hampton Orchestra'],Birth of the Blues,0.605,0.565,0.0325,116.59299999999999
1924,['Ignacio Corsini'],Sombras - Remasterizado,0.263,0.51,0.0705,125.76100000000001
1924,['Teddy Wilson & His All-Stars'],Sugar Plum,0.39,0.778,0.0645,93.941
1924,"['Paul Whiteman & His Orchestra', 'Bing Crosby', 'Bix Beiderbecke']",You Took Advantage of Me (with Bing Crosby & Bix Beiderbecke),0.47,0.753,0.11800000000000001,102.994
1924,['Lionel Hampton Orchestra'],I've Got a Feeling I'm Falling,0.387,0.484,0.0315,91.55799999999999
1924,['George Olsen'],He's the Hottest Man In Town,0.4270000000000001,0.69,0.0406,105.23100000000001
1924,['Francisco Canaro'],El Matrero - Remasterizado,0.325,0.735,0.0549,112.052
1924,['Lionel Hampton Orchestra'],Stompin' at the Savoy - Mix One,0.805,0.742,0.036000000000000004,112.84
1924,['Maurice Chevalier'],Ca n'est pas la même chose,0.149,0.47600000000000003,0.0492,86.447
1924,['Lionel Hampton Orchestra'],You're My Ideal,0.354,0.76,0.0711,113.98100000000001
1924,['George Olsen'],Say Arabella - What's A Fella To Do,0.38,0.778,0.038,107.463
1924,['Francisco Canaro'],Llanto de Amor - Remasterizado,0.441,0.423,0.0447,72.046
1924,"['The Chenille Sisters', ""James Dapogny's Chicago Jazz Band""]",Button Up Your Overcoat,0.381,0.52,0.0506,184.81400000000002
1924,['George Olsen'],Beale Street Blues,0.40700000000000003,0.595,0.0654,200.905
1924,['Francisco Canaro'],Cascabelito - Remasterizado,0.21100000000000002,0.653,0.066,123.96
1924,['Lionel Hampton Orchestra'],Mr. J,0.446,0.47700000000000004,0.0402,83.291
1924,['Francisco Canaro'],Oh Mujer Mujer - Remasterizado,0.315,0.0,0.0,0.0
1924,"['The Chenille Sisters', ""James Dapogny's Chicago Jazz Band""]","Tell Me, Tell Me, Baby",0.386,0.731,0.0331,126.444
1924,"['Jones-Smith, Incorporated']","Oh, Lady Be Good! (78rpm Version)",0.23600000000000002,0.767,0.0698,93.56700000000001
1924,['Francisco Canaro'],Yo Tartamudeo - Remasterizado,0.35700000000000004,0.484,0.223,174.226
1924,['George Olsen'],Why Couldn't It Be Poor Little Me,0.244,0.402,0.0503,210.421
1924,['Georgius'],Par politesse,0.32899999999999996,0.594,0.263,80.329
1924,['George Olsen'],Everybody Loves My Baby - But My Baby Don't Love Nobody But Me,0.278,0.618,0.0628,176.77599999999995
1924,['Francisco Canaro'],Para Usted Mi Nenita - Remasterizado,0.375,0.39399999999999996,0.0437,83.214
1924,['George Olsen'],Put Away a Little Ray of Golden Sunshine,0.223,0.426,0.0426,208.925
1924,['Francisco Canaro'],Evocación - Remasterizado,0.45899999999999996,0.38,0.33799999999999997,124.50200000000001
1924,['Ignacio Corsini'],Oh Mujer Mujer - Remasterizado,0.0773,0.313,0.052000000000000005,201.03099999999998
1924,['Luis Carlos Molina Acevedo'],Choo Choo Train: In Jazz,0.726,0.44299999999999995,0.0348,89.915
1924,['Count Basie'],Moten Swing,0.26899999999999996,0.524,0.11,183.752
1925,['Old Grape God'],Hella Often Freestyle,0.835,0.6779999999999999,0.264,140.005
1925,['Yvonne George'],C'est Pour Ca Qu'on S'aime,0.155,0.622,0.17300000000000001,107.4
1925,['Ignacio Corsini'],Añoranza - Remasterizado,0.0828,0.426,0.0711,131.868
1925,['Ethel Waters'],Honey In The Honeycomb,0.267,0.617,0.0392,106.781
1925,['Francisco Canaro'],Muchachita de Montmartre - Remasterizado,0.14300000000000002,0.731,0.0911,116.323
1925,['Ignacio Corsini'],Mi Perdón - Remasterizado,0.0956,0.45399999999999996,0.062,61.298
1925,['Ignacio Corsini'],Ojazos Color de Mar - Remasterizado,0.0762,0.462,0.0608,66.493
1925,"[""Henderson's Roseland Orchestra""]",Raisin' The Roof,0.539,0.667,0.0341,121.589
1925,['Louis Armstrong & His Hot Five'],Georgia Grind,0.111,0.816,0.0789,133.454
1925,['Ignacio Corsini'],Ojerosa - Remasterizado,0.158,0.514,0.0488,123.55
1925,['René Koval'],Pas Sur La Bouche,0.315,0.71,0.22399999999999998,84.67399999999998
1925,['Ignacio Corsini'],La Canción del Huérfano - Remasterizado,0.0943,0.503,0.0579,110.98299999999999
1925,['Francisco Canaro'],Personita - Remasterizado,0.23399999999999999,0.7290000000000001,0.10099999999999999,120.432
1925,['Francisco Canaro'],"Hopa, Hopa, Hopa - Remasterizado",0.371,0.735,0.0533,99.376
1925,['Louis Armstrong & His Hot Five'],Who'sit,0.17300000000000001,0.716,0.0546,98.76899999999999
1925,['Francisco Canaro'],Entrá Nomás - Remasterizado,0.141,0.764,0.14300000000000002,121.741
1925,['Francisco Canaro'],Tierra Mia - Remasterizado,0.45,0.322,0.39,72.69
1925,['Tommy Dorsey'],Goin' Home,0.353,0.597,0.166,92.098
1925,['Ignacio Corsini'],Perdón - Remasterizado,0.0719,0.526,0.147,125.436
1925,['Louis Armstrong & His Hot Five'],"Come Back, Sweet Papa",0.12300000000000001,0.644,0.39399999999999996,189.67
1925,['Ethel Waters'],Cabin In The Sky,0.16899999999999998,0.326,0.0309,64.187
1925,['Ignacio Corsini'],Engualichaste Mi Corazón - Remasterizado,0.16899999999999998,0.32,0.053,118.37299999999999
1925,['Louis Armstrong & His Hot Five'],I'm Gonna Gitcha,0.156,0.568,0.317,186.68900000000002
1925,['Tommy Dorsey'],Every Night About This Time,0.13,0.255,0.0358,80.426
1925,['Dranem'],Raymonde,0.366,0.6709999999999999,0.0618,109.65100000000001
1925,['Georgius'],Hortensia Ou La Fille Du Jazz Band,0.37799999999999995,0.541,0.0777,140.41899999999998
1925,['Georges Thill'],"Faust, Acte 3, Scène Et Duo Du Jardin, Fin (4ème Partie): ""Tête Folle, Tu Nous Écoutais!""",0.0436,0.298,0.193,76.279
1925,"['Francisco Canaro', 'Azucena Maizani']",Silbando - Remasterizado,0.242,0.563,0.147,113.54899999999999
1925,['Ethel Waters'],Come Up And See Me Sometime,0.225,0.58,0.319,96.869
1925,['Louis Armstrong & His Hot Five'],Heebie Jeebies,0.127,0.6859999999999999,0.0818,156.359
1925,['Yvonne George'],J'ai Pas Su Y Faire,0.0903,0.5529999999999999,0.10099999999999999,77.04899999999998
1925,['Tommy Dorsey'],Oh! Look At Me Now,0.235,0.775,0.10800000000000001,120.288
1925,['Francisco Canaro'],Virgencita del Talar - Remasterizado,0.265,0.44299999999999995,0.46,69.038
1925,['Andrée Turcy'],Mon Anisette,0.156,0.654,0.382,139.32299999999998
1925,['Georges Thill'],"Faust, Acte 1, 1er Tableau, 2ème Partie:""Salut Ô Mon Dernier Matin""",0.179,0.27899999999999997,0.0453,90.865
1925,['Ignacio Corsini'],Alfredo - Remasterizado,0.239,0.435,0.0785,130.607
1925,['Ignacio Corsini'],Marinero - Remasterizado,0.361,0.4270000000000001,0.0829,71.589
1925,['Marguerite Deval'],Si J'avais Été Un Homme,0.305,0.469,0.0779,68.84899999999999
1925,['Francisco Canaro'],París - Remasterizado,0.255,0.627,0.0739,111.645
1925,['Ignacio Corsini'],Tu Promesa - Remasterizado,0.10099999999999999,0.484,0.0336,100.01899999999999
1925,"['Francisco Canaro', 'Azucena Maizani']",Penas de Arrabal - Remasterizado,0.34299999999999997,0.61,0.353,71.72
1925,['Francisco Canaro'],Langosta - Remasterizado,0.158,0.828,0.132,115.943
1925,['Emma Liebel'],Mon Paris,0.222,0.67,0.0682,133.096
1925,['Ignacio Corsini'],Luna Gaucha - Remasterizado,0.0829,0.5489999999999999,0.0556,65.139
1925,['Francisco Canaro'],Tita - Remasterizado,0.309,0.63,0.0511,126.71700000000001
1925,['Georges Thill'],"Carmen, 13, Acte 2, Duo De Carmen Et Don José (1ère Partie): ""Je Vais Danser En Votre Honneur""",0.0259,0.469,0.311,83.57600000000002
1925,['Ignacio Corsini'],Los Carreteros - Remasterizado,0.255,0.53,0.478,67.319
1925,['Cliff Edwards'],That's My Weakness Now,0.434,0.758,0.225,133.982
1925,['Ethel Waters'],Hottentot Potentate - Live,0.177,0.496,0.0717,97.915
1925,['Ethel Waters'],Taking A Chance On Love,0.129,0.64,0.0619,126.10799999999999
1925,['Georges Thill'],"Hérodiade: ""Air De Jean""",0.17600000000000002,0.294,0.0404,101.20200000000001
1925,['Ignacio Corsini'],Campana de Plata - Remasterizado,0.11199999999999999,0.604,0.204,113.544
1925,['Ethel Waters'],You Can't Stop Me From Loving You,0.11,0.66,0.0921,114.574
1925,['Georges Thill'],"Carmen, 17, Acte 3: ""Entracte""",0.163,0.16699999999999998,0.0445,73.344
1925,['Ignacio Corsini'],China Ingrata - Remasterizado,0.293,0.284,0.0584,95.38
1925,['Francisco Canaro'],En Aquel Cuartito - Remasterizado,0.175,0.6559999999999999,0.0905,121.13
1925,['Francisco Canaro'],Juguete de Placer - Remasterizado,0.222,0.631,0.0609,115.436
1925,['The Hot Air-Men'],Red Hot Chicago,0.428,0.703,0.133,178.69799999999995
1925,['Tommy Dorsey'],The Song Is You,0.386,0.223,0.0653,62.335
1925,['Ignacio Corsini'],El Centenario - Remasterizado,0.0474,0.392,0.0397,63.757
1925,['Tommy Dorsey'],Our Love Affair,0.267,0.4270000000000001,0.0439,75.715
1925,['Georges Thill'],"Mireille, Acte 5: ""Anges Du Paradis""",0.127,0.4,0.0834,131.828
1925,['Ignacio Corsini'],Medias de Seda - Remasterizado,0.126,0.541,0.19899999999999998,74.423
1925,"[""Clarence Williams' Jug Band""]",Chizzlin' Sam,0.604,0.74,0.12300000000000001,123.04299999999999
1925,['Ethel Waters'],Theif In The Night,0.157,0.5479999999999999,0.0804,102.87
1925,['Francisco Canaro'],Pico Blanco - Remasterizado,0.391,0.659,0.0487,128.317
1925,['Francisco Canaro'],Tea For Two - Remasterizado,0.361,0.3720000000000001,0.0699,212.162
1925,['Francisco Canaro'],Tomasito - Remasterizado,0.25,0.7559999999999999,0.0654,129.519
1925,['Ethel Waters'],You're Lucky To Me,0.14800000000000002,0.428,0.0448,114.339
1925,['American Concert Orchestra'],Extracts from the Ballet-Suite Scherazada - Remaster,0.17800000000000002,0.11599999999999999,0.0427,83.15799999999999
1925,['Ignacio Corsini'],Trago Amargo - Remasterizado,0.0939,0.48,0.20600000000000002,94.007
1925,['Francisco Canaro'],Mimosita - Remasterizado,0.28600000000000003,0.5820000000000001,0.0607,125.14200000000001
1925,['Tommy Dorsey'],Daybreak,0.379,0.272,0.0316,114.589
1925,['Ignacio Corsini'],Sarita - Remasterizado,0.0658,0.513,0.0677,113.2
1925,['Francisco Canaro'],Ramas Secas - Remasterizado,0.33799999999999997,0.583,0.0527,126.456
1925,['Ignacio Corsini'],Anochecer - Remasterizado,0.0422,0.516,0.0648,80.733
1925,['Mistinguett'],Mon Bus'ness,0.33,0.415,0.128,72.96
1925,"['Tommy Dorsey & His Clambake Seven', 'Tommy Dorsey']",Twilight In Turkey,0.478,0.5770000000000001,0.0859,175.273
1925,['Maurice Chevalier'],Je Ne Dis Pas Non,0.213,0.705,0.5579999999999999,98.08
1925,['Ignacio Corsini'],Resignación - Remasterizado,0.0917,0.5539999999999999,0.105,115.904
1925,['Clarence Williams & His Orchestra'],Papa De Da Da,0.45799999999999996,0.8,0.0546,91.611
1925,['Ignacio Corsini'],Un Triste Despertar - Remasterizado,0.075,0.381,0.0586,82.714
1925,['Perchicot'],Je N'suis Pas Celle Que Vous Croyez,0.52,0.65,0.0817,131.36700000000002
1925,['Ignacio Corsini'],Labios Pintados - Remasterizado,0.122,0.56,0.0747,126.88600000000001
1925,['Ignacio Corsini'],El Cuchillo del Plata - Remasterizado,0.151,0.653,0.156,120.634
1925,['Annette Hanshaw'],I Got 'It' But It Don't Do Me No Good,0.237,0.687,0.0678,94.444
1925,['Frankie Half-Pint Jaxon & His Hot Shots'],Fifteen Cents,0.293,0.805,0.0968,84.55799999999998
1925,['Mildred Bailey'],Shoutin' In That Amen Corner,0.424,0.708,0.145,124.781
1925,['Louis Armstrong & His Hot Five'],Droppin' Shucks,0.114,0.613,0.184,163.64600000000004
1925,['Francisco Canaro'],Ríe Ríe - Remasterizado,0.255,0.528,0.0767,201.123
1925,['Georges Thill'],"Sigurd, Acte 2: ""Le Bruit Des Chants""",0.0804,0.303,0.0501,78.888
1925,['Jack Teagarden'],I Got The Ritz From The One I Love,0.344,0.741,0.0453,97.15899999999999
1925,['Ignacio Corsini'],Noche Mala - Remasterizado,0.16699999999999998,0.46299999999999997,0.053,131.86700000000002
1925,['Ruth Etting'],"Cigarettes, Cigars",0.149,0.37,0.0501,79.605
1925,['Georges Thill'],"Faust, Acte 1, 1er Tableau, 1ère Partie: ""En Vain J'interroge En Mon Ardente Veille""",0.13,0.215,0.0501,73.506
1925,['Berval'],Il Suffit D'un Rien,0.198,0.506,0.0759,96.97399999999999
1925,"['Francisco Canaro', 'Azucena Maizani']",Acuarelita de Arrabal - Remasterizado,0.2,0.5539999999999999,0.3670000000000001,76.38600000000002
1925,['Ignacio Corsini'],Sonrisas - Remasterizado,0.188,0.363,0.0509,119.978
1925,['Ignacio Corsini'],Virgencita del Talar - Remasterizado,0.141,0.531,0.0872,122.18
1925,"['Paul Hoppe', 'Heinrich Schlusnus', 'Johann Heidenreich']","Ein rheinisches Mädchen beim rheinischen Wein, Op. 39 No. 1",0.114,0.531,0.163,81.297
1924,['Francisco Canaro'],Todo Corazón - Remasterizado,0.264,0.4320000000000001,0.0585,118.359
1924,['Francisco Canaro'],Talan Talan - Remasterizado,0.21,0.742,0.0801,117.43299999999999
1924,['Francisco Canaro'],La Diana - Remasterizado,0.45,0.406,0.25,72.514
1924,['Ignacio Corsini'],Shangai Bay - Remasterizado,0.0829,0.0,0.0,0.0
1924,['Mistinguett'],La belote,0.298,0.64,0.133,75.743
1924,['Duke Ellington & His Washingtonians'],East St. Louis Toodle-Oo,0.408,0.647,0.10800000000000001,156.342
1924,['Francisco Canaro'],Caricias - Remasterizado,0.256,0.484,0.0726,117.571
1924,"['The Chenille Sisters', ""James Dapogny's Chicago Jazz Band""]",The House Is Haunted,0.107,0.45,0.0522,77.29899999999998
1924,['Dranem'],Ernestine tu t'obstines,0.41600000000000004,0.8290000000000001,0.0657,122.801
1924,['Vicente Escudero'],La Farruca,0.36200000000000004,0.618,0.10300000000000001,159.458
1924,['Francisco Canaro'],Buena Monta - Remasterizado,0.349,0.488,0.16899999999999998,124.993
1924,['George Olsen'],Row! Row! Rosie,0.266,0.813,0.0515,111.34899999999999
1924,['Mistinguett'],Oh mademoiselle,0.45399999999999996,0.693,0.23800000000000002,123.178
1924,['Francisco Canaro'],Majestad - Remasterizado,0.478,0.515,0.0346,80.6
1924,['Lionel Hampton Orchestra'],Slide Hamp Slide,0.897,0.47100000000000003,0.07,136.57299999999998
1924,['George Olsen'],A New Kind of Man,0.336,0.428,0.0823,204.174
1924,['Lionel Hampton Orchestra'],After You've Gone,0.578,0.431,0.0593,147.83700000000005
1924,['Louis Lynel'],Les ménétriers,0.303,0.515,0.0767,146.075
1924,['Francisco Canaro'],Mala - Remasterizado,0.315,0.7290000000000001,0.0625,120.929
1924,['Francisco Canaro'],Clotildita - Remasterizado,0.24,0.6459999999999999,0.0667,125.758
1924,['Francisco Canaro'],Buena Suerte - Remasterizado,0.624,0.607,0.354,123.354
1924,['Lionel Hampton Orchestra'],"Oh, Lady Be Good",0.71,0.465,0.0898,142.372
1924,"['Billie Holiday', 'Eddie Heywood']",All of Me (with Eddie Heywood & His Orchestra),0.0659,0.503,0.0414,104.9
1924,['George Olsen'],My Best Girl,0.345,0.757,0.0389,108.25399999999999
1924,['Francisco Canaro'],La Sultana - Remasterizado,0.301,0.392,0.0892,182.08599999999998
1924,['Ignacio Corsini'],Cabecita Plateada - Remasterizado,0.121,0.509,0.0903,120.633
1924,['Francisco Canaro'],Tut-Ankh-Amon - Remasterizado,0.431,0.5589999999999999,0.0742,83.609
1924,['George Olsen'],A New Kind of Man - With a New Kind of Love,0.392,0.42,0.062,205.644
1924,['Jimmy Rushing And His Orchestra'],Harvard Blues,0.315,0.45399999999999996,0.0348,98.98299999999999
1924,['Georgius'],La plus bath des javas,0.45399999999999996,0.649,0.159,80.872
1924,['Francisco Canaro'],Grato Recuerdo - Remasterizado,0.374,0.41100000000000003,0.0965,118.286
1924,['Benny Goodman Sextet'],Flying Home,0.385,0.708,0.0351,163.08100000000005
1924,['Lionel Hampton Orchestra'],Swanee River,0.7809999999999999,0.425,0.43799999999999994,165.518
1924,['Francisco Canaro'],Sombras - Remasterizado,0.34700000000000003,0.31,0.0943,71.184
1924,['Francisco Canaro'],Mister Bohr - Remasterizado,0.258,0.562,0.147,180.423
1924,['Francisco Canaro'],Hollin - Remasterizado,0.337,0.495,0.11199999999999999,120.475
1924,['Bayan Sultan'],Akşam Olur - Anadolu Koşması,0.13,0.461,0.0744,127.15899999999999
1925,['Louis Armstrong & His Hot Five'],My Heart,0.366,0.625,0.055999999999999994,94.23100000000001
1925,['Francisco Canaro'],Medias de Seda - Remasterizado,0.46799999999999997,0.45799999999999996,0.14,62.731
1925,['Louis Armstrong & His Hot Five'],Big Fat Ma and Skinny Pa,0.149,0.591,0.195,160.72799999999995
1925,['Marguerite Deval'],C'était Une Autre Epoque,0.302,0.42100000000000004,0.16,80.715
1925,['Fred Gouin'],Les Papillons De Nuit,0.254,0.45299999999999996,0.0415,127.635
1925,['The California Ramblers'],She Knows Her Onions,0.382,0.89,0.0425,115.259
1925,['Georgius'],L'homme Du Milieu,0.363,0.726,0.0892,88.384
1925,"['Giuseppe Verdi', 'Umberto Urbano', 'Unknown Orchestra']",Otello: Era la notte,0.244,0.355,0.0943,72.42399999999998
1925,['Francisco Canaro'],Les Garcon - Remasterizado,0.34,0.517,0.0756,196.25599999999997
1925,['Ignacio Corsini'],Alma de Bohemio - Remasterizado,0.172,0.58,0.0688,125.09700000000001
1925,['Maurice Chevalier'],C'etait Moi,0.3670000000000001,0.62,0.0994,82.54899999999998
1925,['Ignacio Corsini'],Chinita Linda - Remasterizado,0.629,0.45,0.19,74.283
1925,['Louis Armstrong & His Hot Five'],You're Next,0.1,0.622,0.0748,119.484
1925,['Ethel Waters'],Memories of You,0.0683,0.336,0.048,168.398
1925,['Georges Thill'],"Faust, Acte 3, Scène Et Duo Du Jardin (2ème Partie): ""Laissez Un Peu De Grâce""",0.259,0.26,0.0457,74.673
1925,['Louis Armstrong & His Hot Five'],Yes! I'm in the Barrel,0.133,0.7509999999999999,0.0899,147.306
1925,['Louis Armstrong & His Hot Five'],The King of the Zulus,0.0833,0.6920000000000001,0.115,78.869
1925,['Pierrette Mad'],Ca C'est Gentil Ca C'est Pas Mal,0.359,0.52,0.0817,89.963
1925,['Francisco Canaro'],Tierra de Mis Amores - Remasterizado,0.474,0.508,0.0476,209.715
1925,['Georges Thill'],"Faust, Acte 3, Scène Et Duo Du Jardin (3ème Partie): ""Marguerite! Ah! Partez!""",0.0218,0.414,0.107,76.375
1925,['Georges Thill'],"Les Huguenots, Acte 1: ""Plus Blanche Que La Blanche Hermine""",0.0962,0.26899999999999996,0.0702,78.747
1925,['Louis Armstrong & His Hot Five'],Don't Forget To Mess Around,0.17300000000000001,0.562,0.254,184.84799999999998
1925,['Ethel Waters'],"I Just Couldn't Make It, Baby",0.157,0.48100000000000004,0.0684,92.374
1925,['Francisco Canaro'],Suprema - Remasterizado,0.364,0.544,0.0577,133.778
1925,['Frank Melrose'],Piano Breakdown,0.301,0.59,0.0863,185.013
1925,['Ignacio Corsini'],La Carreta - Remasterizado,0.19699999999999998,0.413,0.0447,134.189
1925,['Gaston Ouvrard'],Elle Met Des Chaussinettes,0.409,0.67,0.233,154.279
1925,['Georges Thill'],"La Juive, Acte 4: ""Quand Du Seigneur La Grâce Tutélaire""",0.14,0.308,0.0651,179.46900000000005
1925,['Ignacio Corsini'],El Sonambulo - Remasterizado,0.0299,0.511,0.0785,74.344
1925,"['Francisco Canaro', 'Azucena Maizani']",Alma de Cotorro - Remasterizado,0.187,0.564,0.154,126.804
1925,['A Jam Session At Victor'],Blues,0.17800000000000002,0.7170000000000001,0.0607,84.079
1925,['Francisco Canaro'],Callecita de Mi Barrio - Remasterizado,0.231,0.743,0.0713,118.53299999999999
1925,['Francisco Canaro'],Tembladeral - Remasterizado,0.564,0.425,0.551,69.977
1925,['Francisco Canaro'],La Garconiere - Remasterizado,0.261,0.54,0.0643,190.922
1925,['The Goofus Five & Their Orchestra'],Mama's Grown Young - The Weaker Sex,0.349,0.6990000000000001,0.0553,158.655
1925,"['""Test for Victor Young""']",Bugle Call Rag,0.474,0.7340000000000001,0.256,132.78799999999998
1925,['Perchicot'],Sous Le Soleil Marocain,0.38299999999999995,0.496,0.0672,97.72
1925,['Tommy Dorsey'],Put On Your Old Grey Bonnet,0.647,0.545,0.14800000000000002,140.096
1925,['Dranem'],Est Ce Que Je Te Demande,0.387,0.7609999999999999,0.0659,106.68
1925,['Ignacio Corsini'],Amazona - Remasterizado,0.0986,0.368,0.0672,65.653
1925,['Francisco Canaro'],El Once - Remasterizado,0.361,0.799,0.0908,113.537
1925,['Lee Morse'],He's Still My Baby - Woman To Woman,0.39,0.871,0.22899999999999998,109.02600000000001
1925,['Joe Turner & His Memphis Men'],Freeze And Melt,0.491,0.812,0.0511,130.289
1925,"['Francisco Canaro', 'Azucena Maizani']",Canta Corazón - Remasterizado,0.45399999999999996,0.46399999999999997,0.907,72.194
1925,['Ignacio Corsini'],Macho y Hembra - Remasterizado,0.10400000000000001,0.502,0.0856,118.97
1925,['Francisco Canaro'],Veracruz - Remasterizado,0.185,0.545,0.205,141.743
1925,['Saint Granier'],Les P'tites Femmes,0.396,0.5429999999999999,0.0681,137.286
1925,['Louis Armstrong & His Hot Five'],Cornet Chop Suey,0.16699999999999998,0.613,0.0967,88.744
1925,['Francisco Canaro'],Caminito del Taller - Remasterizado,0.28600000000000003,0.69,0.168,122.462
1925,['Georges Thill'],"Carmen, 18, Acte 3: ""Coeur Des Contrebandiers""",0.193,0.402,0.0682,114.78399999999999
1925,['Georges Thill'],"La Traviata, Acte 2: ""Je Suis Aimé De Toi""",0.239,0.3670000000000001,0.0429,89.64200000000002
1925,['Louis Armstrong & His Hot Five'],Oriental Strut,0.157,0.537,0.106,175.949
1925,['Maurice Chevalier'],Valentine,0.29,0.6,0.0764,64.955
1925,['Ignacio Corsini'],Reproches - Remasterizado,0.0272,0.5660000000000001,0.128,83.37899999999998
1925,['Georges Thill'],"Faust, Acte 3, Scène Et Duo Du Jardin (1ère Partie): ""Il Était Temps! Sous Le Feuillage Sombre""",0.163,0.263,0.0766,81.78399999999998
1925,['Francisco Canaro'],Galleguita - Remasterizado,0.418,0.546,0.0653,124.24600000000001
1925,['Missouri Jazz Band'],Nobody's Sweetheart,0.355,0.885,0.0575,114.49799999999999
1925,"['Francisco Canaro', 'Azucena Maizani']",Amores de Carnaval - Remasterizado,0.157,0.5539999999999999,0.15,78.346
1925,['Rube Bloom & His Bayou Boys'],The Man From The South,0.474,0.856,0.0595,128.244
1925,['Ethel Waters'],Maybe Not At All,0.262,0.612,0.0853,109.04700000000001
1925,['Ignacio Corsini'],Buena Suerte - Remasterizado,0.0652,0.588,0.192,122.354
1925,['Francisco Canaro'],El Romántico Fulero - Remasterizado,0.359,0.698,0.0765,124.166
1925,['Ignacio Corsini'],El Moño Colorado - Remasterizado,0.0979,0.434,0.0873,76.274
